trade_id,entry_ts,exit_ts,side,entry_price,exit_price,holding_bars,p_long,margin,entropy,p_diff,guard_scale,stage2_cap,final_scale,cap_reason,realized_profit,scaled_profit
1,2021-01-01 05:35:00,2021-01-01 06:35:00,LONG,29193.23,29161.28,12,0.34344279766082764,0.15655720233917236,0.6432927250862122,0.0037230849266052246,0.1748240739107132,0.8,0.13985925912857056,mid_entropy(0.6433)_small_pdiff(0.0037),-0.0028908450762493336,-0.00040431146044284105
2,2021-01-01 07:35:00,2021-01-01 08:35:00,LONG,29074.05,29081.89,12,0.3752945065498352,0.1247054934501648,0.6617134809494019,0.012038886547088623,0.1308818757534027,1.0,0.1308818757534027,no_cap,-0.0015292101272945942,-0.00020014589244965464
3,2021-01-01 09:35:00,2021-01-01 10:35:00,LONG,29265.8,29280.89,12,0.35929471254348755,0.14070528745651245,0.6530113220214844,0.012742578983306885,0.15088163316249847,1.0,0.15088163316249847,no_cap,-0.0012836898226377617,-0.0001936852204380557
4,2021-01-01 15:55:00,2021-01-01 16:55:00,LONG,29188.67,29300.57,12,0.3423195481300354,0.1576804518699646,0.6425620317459106,0.0010747313499450684,0.17667779326438904,0.8,0.14134223759174347,mid_entropy(0.6426)_small_pdiff(0.0011),0.0020284034264522206,0.0002866990689653903
5,2021-01-01 18:45:00,2021-01-01 19:45:00,LONG,28908.44,29091.03,12,0.3617521822452545,0.13824781775474548,0.6544196605682373,0.05439451336860657,0.14780978858470917,1.0,0.14780978858470917,no_cap,0.004506408200927285,0.0006660912767983973
6,2021-01-02 10:05:00,2021-01-02 11:05:00,LONG,29649.14,29752.02,12,0.4246141016483307,0.07538589835166931,0.6817376613616943,0.001733154058456421,0.06923237442970276,0.6,0.041539426892995834,high_entropy(0.6817)_tiny_pdiff(0.0017),0.0016652934598764644,6.91753375576809e-05
7,2021-01-02 12:05:00,2021-01-02 13:05:00,LONG,29841.0,30692.11,12,0.38748255372047424,0.11251744627952576,0.6676086783409119,0.01673448085784912,0.11564681679010391,1.0,0.11564681679010391,no_cap,0.026671823280363983,0.0030845114961266518
8,2021-01-02 20:25:00,2021-01-02 21:25:00,LONG,32237.25,31615.18,12,0.3984929919242859,0.10150700807571411,0.6723958849906921,0.008631527423858643,0.10188377648591995,1.0,0.10188377648591995,no_cap,-0.02106029991583905,-0.0021457027178257704
9,2021-01-02 22:25:00,2021-01-02 23:25:00,LONG,32199.49,31965.93,12,0.37196651101112366,0.12803348898887634,0.6599940061569214,0.006769746541976929,0.13504187762737274,1.0,0.13504187762737274,no_cap,-0.009038867875168874,-0.0012206255923956633
10,2021-01-03 00:25:00,2021-01-03 01:25:00,LONG,32199.99,32626.58,12,0.3580877184867859,0.1419122815132141,0.6523100137710571,0.02199101448059082,0.14707022905349731,1.0,0.14707022905349731,no_cap,0.011425934092924252,0.0016804146580398083
11,2021-01-03 09:00:00,2021-01-03 10:00:00,LONG,34523.82,34280.1,12,0.44999784231185913,0.05000215768814087,0.6881383657455444,0.001798093318939209,0.06399921327829361,0.6,0.038399528712034225,high_entropy(0.6881)_tiny_pdiff(0.0018),-0.00884515954994101,-0.00033964996691793203
12,2021-01-03 11:00:00,2021-01-03 12:00:00,LONG,34073.59,34482.99,12,0.36948320269584656,0.13051679730415344,0.6586800813674927,0.0032678544521331787,0.13475756347179413,0.8,0.10780604928731918,mid_entropy(0.6587)_small_pdiff(0.0033),0.010195181376919963,0.001099102315492928
13,2021-01-03 13:00:00,2021-01-03 14:00:00,LONG,34257.05,33943.51,12,0.38797110319137573,0.11202889680862427,0.6678318977355957,0.0219133198261261,0.11830799281597137,1.0,0.11830799281597137,no_cap,-0.010934490242415457,-0.0012936375569552183
14,2021-01-03 15:00:00,2021-01-03 16:00:00,LONG,33522.0,33771.67,12,0.4061523973941803,0.0938476026058197,0.6754275560379028,0.04957064986228943,0.10167865455150604,1.0,0.10167865455150604,no_cap,0.005636168931166763,0.0005730781122110784
15,2021-01-03 17:00:00,2021-01-03 18:00:00,LONG,32905.38,32844.03,12,0.43113794922828674,0.06886205077171326,0.6836329698562622,0.04760757088661194,0.07856705039739609,1.0,0.07856705039739609,no_cap,-0.003659465245954921,-0.00028751339414156973
16,2021-01-04 00:50:00,2021-01-04 01:50:00,LONG,32797.83,33225.55,12,0.412569135427475,0.08743086457252502,0.677780032157898,0.005509316921234131,0.09415687620639801,1.0,0.09415687620639801,no_cap,0.011219272341850486,0.0010563716059550643
17,2021-01-04 02:55:00,2021-01-04 03:55:00,LONG,33454.22,33505.16,12,0.3406333327293396,0.1593666672706604,0.6414546966552734,0.007707387208938599,0.16178809106349945,1.0,0.16178809106349945,no_cap,-0.00027844195582494934,-4.504859316512011e-05
18,2021-01-04 06:55:00,2021-01-04 07:55:00,LONG,33100.02,32068.84,12,0.33983489871025085,0.16016510128974915,0.640925943851471,0.013373464345932007,0.16362564265727997,1.0,0.16362564265727997,no_cap,-0.03289581115641389,-0.005382598377764225
19,2021-01-04 08:55:00,2021-01-04 09:55:00,LONG,32045.14,31038.63,12,0.39778250455856323,0.10221749544143677,0.6721022725105286,0.023843616247177124,0.10868419706821442,1.0,0.10868419706821442,no_cap,-0.03315102685252829,-0.003602992743253708
20,2021-01-04 18:50:00,2021-01-04 19:50:00,LONG,31132.48,31644.94,12,0.3849150240421295,0.11508497595787048,0.6664190292358398,0.0024734437465667725,0.11988888680934906,0.8,0.09591110795736313,mid_entropy(0.6664)_small_pdiff(0.0025),0.014632638540391374,0.001403432572260499
21,2021-01-04 20:50:00,2021-01-04 21:50:00,LONG,31408.47,30985.67,12,0.3943367898464203,0.10566321015357971,0.670648455619812,0.034657955169677734,0.1114274337887764,1.0,0.1114274337887764,no_cap,-0.015235509859317807,-0.0016976537881419063
22,2021-01-04 22:50:00,2021-01-04 23:50:00,LONG,31350.0,31920.48,12,0.38984936475753784,0.11015063524246216,0.6686806678771973,0.01024550199508667,0.11523275822401047,1.0,0.11523275822401047,no_cap,0.016366022350219715,0.0018859017873182893
23,2021-01-05 00:50:00,2021-01-05 01:50:00,LONG,32533.31,32568.1,12,0.458444744348526,0.041555255651474,0.6896895170211792,0.023415207862854004,0.05398276448249817,1.0,0.05398276448249817,no_cap,-0.0007309390627512416,-3.9458111132262275e-05
24,2021-01-05 03:45:00,2021-01-05 04:45:00,LONG,31435.34,31417.27,12,0.44985952973365784,0.05014047026634216,0.6881105899810791,0.007184803485870361,0.06050235778093338,1.0,0.06050235778093338,no_cap,-0.0023721784395457956,-0.00014352239668369293
25,2021-01-05 05:45:00,2021-01-05 06:45:00,LONG,30565.7,31223.93,12,0.42334938049316406,0.07665061950683594,0.6813501119613647,0.012390285730361938,0.08318332582712173,1.0,0.08318332582712173,no_cap,0.0196978136696705,0.0016385295893996954
26,2021-01-05 07:45:00,2021-01-05 08:45:00,LONG,30842.15,31106.99,12,0.4224936068058014,0.07750639319419861,0.6810840964317322,0.023263782262802124,0.08346869051456451,1.0,0.08346869051456451,no_cap,0.006773125933522458,0.0005653439438901842
27,2021-01-05 16:35:00,2021-01-05 17:35:00,LONG,32460.76,32421.21,12,0.36927491426467896,0.13072508573532104,0.6585686206817627,0.00012806057929992676,0.13034510612487793,0.8,0.10427608340978622,mid_entropy(0.6586)_small_pdiff(0.0001),-0.0030145844665195264,-0.0003143490757793188
28,2021-01-06 02:45:00,2021-01-06 03:45:00,LONG,34062.31,33955.62,12,0.3636871874332428,0.1363128125667572,0.6555101871490479,0.00048786401748657227,0.1355971097946167,0.8,0.10847768932580948,mid_entropy(0.6555)_small_pdiff(0.0005),-0.00492494952216616,-0.0005342471413314342
29,2021-01-06 08:30:00,2021-01-06 09:30:00,LONG,34383.39,33989.61,12,0.40799614787101746,0.09200385212898254,0.6761208772659302,0.0007781982421875,0.096591517329216,0.6,0.05795491114258766,high_entropy(0.6761)_tiny_pdiff(0.0008),-0.013230408180929498,-0.0007667671306990087
30,2021-01-07 07:55:00,2021-01-07 08:55:00,LONG,36859.85,37217.55,12,0.33453458547592163,0.16546541452407837,0.6373435854911804,0.0008735954761505127,0.16702108085155487,1.0,0.16702108085155487,no_cap,0.007888492444125787,0.0013175444910302758
31,2021-01-07 09:55:00,2021-01-07 10:55:00,LONG,37492.69,37045.45,12,0.3442496061325073,0.15575039386749268,0.6438140273094177,0.02714654803276062,0.15626929700374603,1.0,0.15626929700374603,no_cap,-0.013705654364482796,-0.0021417730022221804
32,2021-01-07 21:00:00,2021-01-07 22:00:00,LONG,39187.99,39485.6,12,0.45816513895988464,0.041834861040115356,0.6896427869796753,0.017104536294937134,0.050746772438287735,1.0,0.050746772438287735,no_cap,0.005782379477838999,0.00029343710048124194
33,2021-01-08 01:45:00,2021-01-08 02:45:00,LONG,38503.69,37385.76,12,0.3773179054260254,0.12268209457397461,0.6627358198165894,0.002170383930206299,0.12167878448963165,0.8,0.09734302759170532,mid_entropy(0.6627)_small_pdiff(0.0022),-0.03078052668531832,-0.00299626961350441
34,2021-01-08 03:45:00,2021-01-08 04:45:00,LONG,38335.97,38717.7,12,0.41914331912994385,0.08085668087005615,0.6800140142440796,0.012123435735702515,0.08483801782131195,1.0,0.08483801782131195,no_cap,0.00814120019069148,0.0006906832568347454
35,2021-01-08 16:10:00,2021-01-08 17:10:00,LONG,40693.13,41444.99,12,0.44440311193466187,0.055596888065338135,0.6869523525238037,0.010886013507843018,0.05199927091598511,1.0,0.05199927091598511,no_cap,0.016644728447070524,0.000865513808093965
36,2021-01-08 18:10:00,2021-01-08 19:10:00,LONG,40696.23,40437.75,12,0.4313623011112213,0.06863769888877869,0.6836950778961182,0.025754690170288086,0.0633649230003357,1.0,0.0633649230003357,no_cap,-0.008138407408996493,-0.0005156895495019853
37,2021-01-08 20:10:00,2021-01-08 21:10:00,LONG,39935.56,39540.08,12,0.42887574434280396,0.07112425565719604,0.6829954385757446,0.05795252323150635,0.06551294028759003,1.0,0.06551294028759003,no_cap,-0.011683525826806733,-0.0007654221262782812
38,2021-01-08 22:10:00,2021-01-08 23:10:00,LONG,39944.39,40627.98,12,0.4131438434123993,0.08685615658760071,0.6779824495315552,0.026738137006759644,0.07934989780187607,1.0,0.07934989780187607,no_cap,0.015284383968443935,0.0012128142407163978
39,2021-01-09 02:40:00,2021-01-09 03:40:00,LONG,39723.5,40166.46,12,0.38032472133636475,0.11967527866363525,0.6642228364944458,0.0030231773853302,0.10833756625652313,0.8,0.08667005598545074,mid_entropy(0.6642)_small_pdiff(0.0030),0.00933264649779517,0.0008088609902188182
40,2021-01-09 05:00:00,2021-01-09 06:00:00,LONG,39897.45,39417.2,12,0.34818458557128906,0.15181541442871094,0.6463155746459961,0.0005682706832885742,0.13850392401218414,0.8,0.11080314218997955,mid_entropy(0.6463)_small_pdiff(0.0006),-0.013813844282143337,-0.0015306173590943217
41,2021-01-09 07:00:00,2021-01-09 08:00:00,LONG,38787.82,39389.52,12,0.421656996011734,0.07834300398826599,0.6808211803436279,0.02592793107032776,0.07263319194316864,1.0,0.07263319194316864,no_cap,0.013686322604470147,0.0009940812597051263
42,2021-01-09 19:40:00,2021-01-09 20:40:00,LONG,40677.39,40433.13,12,0.33864283561706543,0.16135716438293457,0.6401311755180359,0.01356738805770874,0.15001280605793,1.0,0.15001280605793,no_cap,-0.00779239256077882,-0.0011689587263390422
43,2021-01-09 23:45:00,2021-01-10 00:45:00,LONG,40216.0,40632.29,12,0.36573973298072815,0.13426026701927185,0.6566492915153503,1.749396324157715e-05,0.12237142771482468,0.8,0.09789714217185974,mid_entropy(0.6566)_small_pdiff(0.0000),0.00853435555801645,0.0008354890742339194
44,2021-01-10 05:10:00,2021-01-10 06:10:00,LONG,40442.23,40709.59,12,0.35068389773368835,0.14931610226631165,0.6478689908981323,0.008331120014190674,0.13685870170593262,1.0,0.13685870170593262,no_cap,0.004800641018919509,0.0006570094847120345
45,2021-01-10 10:45:00,2021-01-10 11:45:00,LONG,40462.36,39481.5,12,0.35229572653770447,0.14770427346229553,0.6488562226295471,0.00046640634536743164,0.13539771735668182,0.8,0.10831817239522934,mid_entropy(0.6489)_small_pdiff(0.0005),-0.025996081234072044,-0.002815847983583808
46,2021-01-10 12:45:00,2021-01-10 13:45:00,LONG,39459.72,39782.75,12,0.41211551427841187,0.08788448572158813,0.677619218826294,0.025845199823379517,0.08259641379117966,1.0,0.08259641379117966,no_cap,0.006373219072611528,0.0005264050560072064
47,2021-01-10 17:30:00,2021-01-10 18:30:00,LONG,38166.73,38264.09,12,0.43087923526763916,0.06912076473236084,0.6835611462593079,0.005209535360336304,0.06610891222953796,1.0,0.06610891222953796,no_cap,0.000747943826649774,4.9445752665633336e-05
48,2021-01-10 20:25:00,2021-01-10 21:25:00,LONG,35932.8,37578.39,12,0.4455935060977936,0.05440649390220642,0.6872153282165527,0.0024012327194213867,0.05308784544467926,0.8,0.04247027635574341,mid_entropy(0.6872)_small_pdiff(0.0024),0.04391557908795784,0.0018651067512109876
49,2021-01-11 01:50:00,2021-01-11 02:50:00,LONG,37264.34,36539.17,12,0.35291847586631775,0.14708152413368225,0.6492346525192261,0.006214618682861328,0.13485568761825562,1.0,0.13485568761825562,no_cap,-0.02122354416503292,-0.0028621158562600613
