fold_id,candidate,total_return,Sharpe,CAGR,MDD,exposure,trades,positive_fold,cagr_preservation_pct,mdd_improvement_pct,threshold
0,BUY_AND_HOLD,0.2093119226475415,1.5184560578314794,0.2093119226475415,-0.07376074625768392,0.996031746031746,1,True,100.0,0.0,
0,DUAL_TREND_FILTER,0.08867421397937059,0.952175600303744,0.08867421397937059,-0.05750572982519542,0.7261904761904762,20,True,42.364626370896374,22.037489121519236,
0,LOGISTIC_PRICE_ONLY,0.14940387724937754,1.2968554271570365,0.14940387724937754,-0.07427708630906893,0.8452380952380952,37,True,71.37857956661045,-0.7000201022657393,0.5
0,LOGISTIC_PRICE_PLUS_VOL,0.08815995895226214,1.0575852105190529,0.08815995895226214,-0.051798749700279645,0.4166666666666667,40,True,42.11893801229561,29.774639861532602,0.45
0,LOGISTIC_PRICE_PLUS_RATES,0.0666586143830743,0.5987318582862652,0.0666586143830743,-0.09134275066903474,0.8492063492063492,27,True,31.846544401257137,-23.83653271338649,0.45
0,LOGISTIC_PRICE_PLUS_BREADTH,0.1817203356562176,1.4585583577127033,0.1817203356562176,-0.07284018563234651,0.8928571428571429,13,True,86.81795731350424,1.2480359432934962,0.45
0,LOGISTIC_PRICE_PLUS_CREDIT,0.1874415876087625,1.4449531012416712,0.1874415876087625,-0.06917586832975808,0.9642857142857143,7,True,89.55131902562175,6.215877903280041,0.45
0,LOGISTIC_PRICE_PLUS_ALL_REGIME,0.044677383080811595,0.6058599080544136,0.044677383080811595,-0.053770908083336066,0.4166666666666667,42,True,21.34488208588263,27.100916393271223,0.45
1,BUY_AND_HOLD,0.23921594381311784,1.6778071873068252,0.23921594381311784,-0.08226698197479365,0.996031746031746,1,True,100.0,0.0,
1,DUAL_TREND_FILTER,0.163657536706161,1.7743991921542464,0.163657536706161,-0.057850982670214934,0.6944444444444444,27,True,68.41414250967102,29.67897778486599,
1,LOGISTIC_PRICE_ONLY,0.10288633617252452,0.999799706977659,0.10288633617252452,-0.09913740928389425,0.746031746031746,29,True,43.00981553842506,-20.50692380361011,0.5
1,LOGISTIC_PRICE_PLUS_VOL,0.19482267233286032,1.8492594026391507,0.19482267233286032,-0.056599193820516924,0.6587301587301587,24,True,81.44217698342935,31.200595352022585,0.45
1,LOGISTIC_PRICE_PLUS_RATES,0.18372794842523632,1.518180424679404,0.18372794842523632,-0.0941315156107625,0.8412698412698413,26,True,76.80422362180413,-14.421987231285694,0.5
1,LOGISTIC_PRICE_PLUS_BREADTH,0.10238785699686903,0.8808061080432315,0.10238785699686903,-0.08750679425158614,0.8968253968253969,17,True,42.80143512376302,-6.369277383237361,0.45
1,LOGISTIC_PRICE_PLUS_CREDIT,0.13031194629897613,1.0371596272259311,0.13031194629897613,-0.07722663753161707,0.9365079365079365,13,True,54.47460742866682,6.126813360821875,0.45
1,LOGISTIC_PRICE_PLUS_ALL_REGIME,0.17238455037541134,1.4362627396779508,0.17238455037541134,-0.07544235875990912,0.7857142857142857,30,True,72.06231642740458,8.295701447970428,0.45
2,BUY_AND_HOLD,0.006086354042429409,0.12928343557583832,0.006086354042429409,-0.16083715800102227,0.996031746031746,1,True,100.0,0.0,
2,DUAL_TREND_FILTER,-0.058866478948742196,-0.9130128656585129,-0.058866478948742196,-0.07821560234675784,0.25396825396825395,28,False,-967.187885199745,51.36969384508727,
2,LOGISTIC_PRICE_ONLY,0.03010524373030732,0.43034000942447737,0.03010524373030732,-0.044748894321834154,0.2698412698412698,38,True,494.63510535924405,72.17751489892048,0.55
2,LOGISTIC_PRICE_PLUS_VOL,-0.028725084141893786,-0.15744551347303135,-0.028725084141893786,-0.13573272038710493,0.48412698412698413,37,False,-471.95881050698745,15.608605577175009,0.45
2,LOGISTIC_PRICE_PLUS_RATES,-0.014055560608723261,-0.1553178939488532,-0.014055560608723261,-0.06174872649410257,0.19444444444444445,46,False,-230.93563914847272,61.607922409503104,0.55
2,LOGISTIC_PRICE_PLUS_BREADTH,-0.05584235410678384,-0.31152428874564403,-0.05584235410678384,-0.1503831524997572,0.7380952380952381,31,False,-917.50091627095,6.499745227529219,0.45
2,LOGISTIC_PRICE_PLUS_CREDIT,-0.11395962751649014,-0.7767893064177411,-0.11395962751649014,-0.20101094358625282,0.6031746031746031,35,False,-1872.3792063697033,-24.97792555186483,0.5
2,LOGISTIC_PRICE_PLUS_ALL_REGIME,0.0013122579906656995,0.07276600951773524,0.0013122579906656995,-0.09770955843135798,0.5238095238095238,43,True,21.560658179225847,39.24938761306828,0.45
3,BUY_AND_HOLD,0.31032926470218825,2.4407168244702007,0.31032926470218825,-0.07340734183379571,0.996031746031746,1,True,100.0,0.0,
3,DUAL_TREND_FILTER,0.09136285629814278,1.170555902490519,0.09136285629814278,-0.11659529762060972,0.7777777777777778,23,True,29.44061894575763,-58.83329202220325,
3,LOGISTIC_PRICE_ONLY,0.16346036362931327,1.5903602919391882,0.16346036362931327,-0.07340734183379571,0.5674603174603174,24,True,52.67320302072711,0.0,0.55
3,LOGISTIC_PRICE_PLUS_VOL,0.2864221484221856,2.3041818175032858,0.2864221484221856,-0.07340734183379571,0.9206349206349206,13,True,92.29620954280756,0.0,0.45
3,LOGISTIC_PRICE_PLUS_RATES,0.22273185593684808,1.8787200739993255,0.22273185593684808,-0.07340734183379571,0.9126984126984127,11,True,71.77275277296062,0.0,0.45
3,LOGISTIC_PRICE_PLUS_BREADTH,0.2174262810605634,2.2828025991325225,0.2174262810605634,-0.049472915281521646,0.5,38,True,70.06309291172379,32.604949252167295,0.55
3,LOGISTIC_PRICE_PLUS_CREDIT,0.16007895633728575,1.5673337168909836,0.16007895633728575,-0.07340734183379571,0.5436507936507936,24,True,51.58358380763984,0.0,0.55
3,LOGISTIC_PRICE_PLUS_ALL_REGIME,0.06413785245609205,0.6724969644979522,0.06413785245609205,-0.07693232001558337,0.6587301587301587,41,True,20.667677770461907,-4.801942276793902,0.5
4,BUY_AND_HOLD,0.23667127056088977,1.350992405345757,0.23667127056088977,-0.10568847949087978,0.996031746031746,1,True,100.0,0.0,
4,DUAL_TREND_FILTER,0.050782678523602076,0.4809001200856824,0.050782678523602076,-0.14990732085454006,0.7261904761904762,17,True,21.45705239307317,-41.83884712569459,
4,LOGISTIC_PRICE_ONLY,0.12815272223012264,0.951864778720455,0.12815272223012264,-0.12629346731231228,0.8373015873015873,13,True,54.147984217269865,-19.495963912708735,0.45
4,LOGISTIC_PRICE_PLUS_VOL,0.08841226574326067,1.2657915118854277,0.08841226574326067,-0.026383429859209606,0.3333333333333333,12,True,37.35656868437453,75.03660759781646,0.45
4,LOGISTIC_PRICE_PLUS_RATES,0.07913163482655006,0.9110287228927173,0.07913163482655006,-0.05761615379689322,0.503968253968254,20,True,33.43525162095727,45.48492506047916,0.45
4,LOGISTIC_PRICE_PLUS_BREADTH,0.10436483524086326,0.8539708971360345,0.10436483524086326,-0.13920955655880807,0.8015873015873016,15,True,44.096959885975146,-31.716869453894386,0.45
4,LOGISTIC_PRICE_PLUS_CREDIT,0.19233045937210513,1.3328443185801997,0.19233045937210513,-0.08601031359614453,0.8492063492063492,13,True,81.26481043360232,18.61902639675439,0.45
4,LOGISTIC_PRICE_PLUS_ALL_REGIME,0.046152212051326025,0.660062972405428,0.046152212051326025,-0.031129580277368785,0.3492063492063492,18,True,19.50055532382507,70.54590961349287,0.45
5,BUY_AND_HOLD,0.06069617243869074,0.38669952149820175,0.06069617243869074,-0.2277105689383926,0.996031746031746,1,True,100.0,0.0,
5,DUAL_TREND_FILTER,-0.03606051766294782,-0.36406525052562355,-0.03606051766294782,-0.09429503900440162,0.4722222222222222,20,False,-59.41151841060914,58.58995941909343,
5,LOGISTIC_PRICE_ONLY,0.12448081528537047,1.0526634347697958,0.12448081528537047,-0.09038015504338115,0.48412698412698413,24,True,205.0884104942674,60.309196246471274,0.5
5,LOGISTIC_PRICE_PLUS_VOL,0.025318038797758513,0.36155902287917185,0.025318038797758513,-0.08567349502503974,0.3134920634920635,26,True,41.71274362206659,62.37614467151992,0.45
5,LOGISTIC_PRICE_PLUS_RATES,0.13984648388661558,2.3457891608053845,0.13984648388661558,-0.03014059248749068,0.21031746031746032,30,True,230.40412313951865,86.7636391986508,0.5
5,LOGISTIC_PRICE_PLUS_BREADTH,-0.008409946506480304,-0.02334112191349547,-0.008409946506480304,-0.1432193029269303,0.45634920634920634,30,False,-13.855810290138473,37.10467476558873,0.5
5,LOGISTIC_PRICE_PLUS_CREDIT,0.10717162897723154,0.9234293023967284,0.10717162897723154,-0.09038015504338204,0.4642857142857143,28,True,176.57065457543587,60.30919624647089,0.5
5,LOGISTIC_PRICE_PLUS_ALL_REGIME,0.035416176297545565,0.44502838820283086,0.035416176297545565,-0.09306362994039541,0.3492063492063492,26,True,58.34993357006074,59.13073759629756,0.45
6,BUY_AND_HOLD,0.23742000258455587,0.816174758638318,0.23742000258455587,-0.2906207561342071,0.996031746031746,1,True,100.0,0.0,
6,DUAL_TREND_FILTER,0.2024679369856095,1.4498030344011963,0.2024679369856095,-0.07372478781760883,0.6388888888888888,12,True,85.27838209988293,74.63196063547399,
6,LOGISTIC_PRICE_ONLY,0.21767935614943812,1.9031375934804124,0.21767935614943812,-0.07482832646574811,0.5634920634920635,14,True,91.68534823510196,74.25224286761102,0.45
6,LOGISTIC_PRICE_PLUS_VOL,0.21137371028163132,1.9191539677807679,0.21137371028163132,-0.07529091230251506,0.5119047619047619,16,True,89.02944485747433,74.09307122312141,0.45
6,LOGISTIC_PRICE_PLUS_RATES,0.14275439811468593,1.3532574072759056,0.14275439811468593,-0.07529091230251506,0.44841269841269843,18,True,60.127367770474486,74.09307122312141,0.5
6,LOGISTIC_PRICE_PLUS_BREADTH,0.0958578259661389,1.162684646307124,0.0958578259661389,-0.07032297923102027,0.29365079365079366,26,True,40.37478937015833,75.8024925107051,0.5
6,LOGISTIC_PRICE_PLUS_CREDIT,0.2247483658695102,1.96238400413201,0.2247483658695102,-0.07482832646574811,0.5555555555555556,14,True,94.662776271122,74.25224286761102,0.45
6,LOGISTIC_PRICE_PLUS_ALL_REGIME,0.18913402729915108,1.4954447325005764,0.18913402729915108,-0.07859211823258927,0.5912698412698413,22,True,79.66221263593492,72.95715582121194,0.45
7,BUY_AND_HOLD,0.45823913549653317,1.7290542879101913,0.45823913549653317,-0.1276085889799451,0.996031746031746,1,True,100.0,0.0,
7,DUAL_TREND_FILTER,0.18679330337289723,1.0280253206395047,0.18679330337289723,-0.1942281574627296,0.7579365079365079,18,True,40.763280327528996,-52.206179078787876,
7,LOGISTIC_PRICE_ONLY,-0.025699767798462503,-0.3038836164818289,-0.025699767798462503,-0.08796983725614116,0.19444444444444445,19,False,-5.608374712608311,31.062761559124784,0.45
7,LOGISTIC_PRICE_PLUS_VOL,0.07932371965605212,0.6698200615340826,0.07932371965605212,-0.09834483918176828,0.31746031746031744,19,True,17.310551088156075,22.932429573981018,0.45
7,LOGISTIC_PRICE_PLUS_RATES,0.008330968014931273,0.1633067823106082,0.008330968014931273,-0.07331623177689339,0.12698412698412698,9,True,1.8180393968105983,42.54600543509204,0.45
7,LOGISTIC_PRICE_PLUS_BREADTH,-0.052462465706262895,-0.7895612208689801,-0.052462465706262895,-0.0879698372561416,0.12698412698412698,13,False,-11.448709122021247,31.06276155912444,0.45
7,LOGISTIC_PRICE_PLUS_CREDIT,0.017227995683864128,0.25547630324499737,0.017227995683864128,-0.08227730659884835,0.20634920634920634,21,True,3.759608106190325,35.52369220869684,0.45
7,LOGISTIC_PRICE_PLUS_ALL_REGIME,-0.011847827484043338,-0.08868076568680947,-0.011847827484043338,-0.09475762504988816,0.1746031746031746,21,False,-2.5855119229843635,25.74353669502589,0.45
8,BUY_AND_HOLD,-0.0899379057497145,-0.2839742759065509,-0.0899379057497145,-0.27498626336342347,0.996031746031746,1,False,100.0,0.0,
8,DUAL_TREND_FILTER,0.05166762098417177,0.6045756604049559,0.05166762098417177,-0.10552279724486757,0.4642857142857143,12,True,-57.44810328134173,61.626156901732934,
8,LOGISTIC_PRICE_ONLY,-0.2108391755144129,-1.0814206712442722,-0.2108391755144129,-0.31624193297088565,0.7619047619047619,38,False,234.42749056349044,-15.002811086944531,0.45
8,LOGISTIC_PRICE_PLUS_VOL,-0.019693808672492152,-0.0329415826163979,-0.019693808672492152,-0.2544637485316811,0.7380952380952381,32,False,21.89711724809055,7.463105458696936,0.45
8,LOGISTIC_PRICE_PLUS_RATES,0.01721082180048361,0.8377918824447643,0.01721082180048361,-0.010157811721777765,0.027777777777777776,4,True,-19.13633818467943,96.30606576578222,0.55
8,LOGISTIC_PRICE_PLUS_BREADTH,-0.13981074971936325,-0.8059148189201929,-0.13981074971936325,-0.28798079553325306,0.6587301587301587,32,False,155.45252978031132,-4.725520471782966,0.45
8,LOGISTIC_PRICE_PLUS_CREDIT,-0.2067333045892804,-1.0279484339188916,-0.2067333045892804,-0.3330512570951808,0.7579365079365079,29,False,229.8622620417606,-21.115597928983927,0.45
8,LOGISTIC_PRICE_PLUS_ALL_REGIME,0.11256343615025433,0.9281559263105511,0.11256343615025433,-0.09769637233874107,0.6150793650793651,28,True,-125.15683483169349,64.47227176230801,0.45
9,BUY_AND_HOLD,0.10647356316995071,0.5018907408446875,0.10647356316995071,-0.21569777974320825,0.996031746031746,1,True,100.0,0.0,
9,DUAL_TREND_FILTER,0.06971205275905024,1.141241757654667,0.06971205275905024,-0.03385220218680374,0.14682539682539683,3,True,65.47357924687599,84.30572524802743,
9,LOGISTIC_PRICE_ONLY,0.08252695561318224,0.42941511143106015,0.08252695561318224,-0.2156977797432077,0.9563492063492064,15,True,77.50933955450947,2.5735615497454245e-13,0.45
9,LOGISTIC_PRICE_PLUS_VOL,0.115276707861933,0.7750533784357628,0.115276707861933,-0.1113578718296181,0.373015873015873,49,True,108.26791593132927,48.3731951426707,0.5
9,LOGISTIC_PRICE_PLUS_RATES,0.13354007739580243,0.6502580873951116,0.13354007739580243,-0.23345357174398407,0.7976190476190477,15,True,125.42087765265144,-8.231791732819122,0.5
9,LOGISTIC_PRICE_PLUS_BREADTH,0.044630923918838494,0.2961628167642836,0.044630923918838494,-0.21569777974320792,0.9047619047619048,19,True,41.91737609795177,1.5441369298472546e-13,0.45
9,LOGISTIC_PRICE_PLUS_CREDIT,-0.02477406861641973,0.04159496402845649,-0.02477406861641973,-0.21569777974320825,0.9126984126984127,21,False,-23.26781210174766,0.0,0.45
9,LOGISTIC_PRICE_PLUS_ALL_REGIME,0.28815246567416253,1.6511089880339325,0.28815246567416253,-0.09951643765137308,0.4722222222222222,39,True,270.632875518799,53.86302178453156,0.55
10,BUY_AND_HOLD,0.3766949421902288,2.0565286801381197,0.3766949421902288,-0.10723947610307394,0.996031746031746,1,True,100.0,0.0,
10,DUAL_TREND_FILTER,0.21030015994899576,1.4923056712356997,0.21030015994899576,-0.1244728077846432,0.7261904761904762,21,True,55.82771001018521,-16.06995139085287,
10,LOGISTIC_PRICE_ONLY,0.16231360243172932,1.2629303419441646,0.16231360243172932,-0.08964951371308005,0.5793650793650794,27,True,43.08887225508907,16.402506827884142,0.5
10,LOGISTIC_PRICE_PLUS_VOL,0.15336849998248958,1.219431565513693,0.15336849998248958,-0.08964951371307972,0.4880952380952381,23,True,40.7142445531003,16.40250682788445,0.45
10,LOGISTIC_PRICE_PLUS_RATES,0.02245167329517095,0.47039627956460434,0.02245167329517095,-0.03707589185780236,0.1626984126984127,23,True,5.960173811899227,65.42701139068731,0.6
10,LOGISTIC_PRICE_PLUS_BREADTH,0.1370609073731741,1.110315419862619,0.1370609073731741,-0.08964951371308028,0.5555555555555556,27,True,36.38512016547308,16.402506827883933,0.5
10,LOGISTIC_PRICE_PLUS_CREDIT,0.17002557261761386,1.3124397280388649,0.17002557261761386,-0.08964951371308005,0.5833333333333334,27,True,45.136144284027026,16.402506827884142,0.5
10,LOGISTIC_PRICE_PLUS_ALL_REGIME,0.14706927362741928,1.1558618418229485,0.14706927362741928,-0.0896495137130795,0.626984126984127,11,True,39.04200910485019,16.402506827884658,0.5
