entry_ts,exit_ts,exit_reason,holding_bars,entry_price,exit_price,net_return,position_scale,max_favorable_excursion,max_adverse_excursion,be_armed,be_arm_ts
2024-03-13 08:20:00,2024-03-13 11:20:00,early_exit,36,73394.23,73295.49,-0.0033406513763348366,0.19999999999999998,0.003488285114511101,-0.0037214097075477202,False,
2024-03-14 08:25:00,2024-03-14 11:25:00,signal_exit_th,36,73518.32,72887.99,0.00658894406316812,0.19999999999999998,0.012123780848093468,-0.00013316408753618957,False,
2024-03-15 19:10:00,2024-03-15 22:10:00,early_exit,36,70277.17,68386.87,-0.028842042200861378,0.19999999999999998,0.0022542171234271138,-0.040743957105842415,False,
2024-03-19 04:55:00,2024-03-19 07:55:00,early_exit,36,65341.18,64704.22,-0.01172674201535942,0.19999999999999998,0.004196434775129625,-0.026999512405499873,False,
2024-03-21 15:15:00,2024-03-21 19:10:00,signal_exit_th,47,66410.88,65200.0,0.016267657791456478,0.19999999999999998,0.0231870139350661,-0.00887083562211486,False,
2024-03-23 19:15:00,2024-03-23 22:15:00,signal_exit_th,36,65291.99,64838.01,0.004964991481714261,0.19999999999999998,0.009481408056332755,-0.00145025446459822,False,
2024-03-24 08:30:00,2024-03-24 11:30:00,early_exit,36,64728.01,64985.42,0.0019708469486239585,0.19999999999999998,0.009897569846500788,-0.0005623531451067544,False,
2024-03-24 12:30:00,2024-03-24 18:25:00,signal_exit_th,71,65544.54,65689.99,-0.004225546345912333,0.19999999999999998,0.014410506199295802,-0.005807501280808573,False,
2024-03-25 14:20:00,2024-03-25 17:20:00,early_exit,36,69148.36,70645.19,0.019605392943965246,0.19999999999999998,0.02226574860199142,-0.005000841668551545,False,
2024-03-25 18:20:00,2024-03-25 21:20:00,signal_exit_th,36,70725.58,69944.96,0.00905740256990545,0.42133194793291645,0.012588514650569168,-0.0060009405366488085,False,
2024-03-26 08:50:00,2024-03-26 13:05:00,signal_exit_th,51,70541.1,70941.1,-0.0076838073722159525,0.19999999999999998,0.0002424118705266266,-0.010474744510646901,False,
2024-03-26 14:25:00,2024-03-26 17:55:00,signal_exit_th,42,69586.35,70066.55,-0.008916596047549144,0.19999999999999998,0.00440244387009817,-0.013115359549681713,False,
2024-03-28 16:15:00,2024-03-28 19:20:00,signal_exit_th,37,70634.78,70722.73,-0.003249632079933302,0.19999999999999998,0.0032672289769996995,-0.005783553088152948,False,
2024-03-31 05:30:00,2024-03-31 10:15:00,signal_exit_th,57,70204.43,70297.97,-0.0033370640097310444,0.19999999999999998,0.0008070715765371066,-0.0037828097172786248,False,
2024-03-31 15:40:00,2024-03-31 18:40:00,signal_exit_th,36,70385.07,70948.0,-0.01001587464554683,0.19999999999999998,0.0009573052921593266,-0.01008495125457696,False,
2024-03-31 21:25:00,2024-04-01 00:25:00,signal_exit_th,36,70771.58,71078.0,-0.006340374177011325,0.19999999999999998,0.0018602099882468178,-0.008399134228739816,False,
2024-04-02 02:40:00,2024-04-02 05:40:00,signal_exit_th,36,66696.0,66571.2,-0.00012707922027819978,0.19999999999999998,0.008624955019791292,-0.008737855343648777,False,
2024-04-04 03:20:00,2024-04-04 06:20:00,signal_exit_th,36,65674.0,65594.87,-0.0007946989837843938,0.19999999999999998,0.009280384931632048,-0.0007477845113743731,False,
2024-04-04 16:55:00,2024-04-04 23:10:00,signal_exit_th,75,67807.64,68283.75,-0.009037539194760446,0.19999999999999998,0.007191520011609303,-0.02215487812287825,False,
2024-04-06 23:25:00,2024-04-07 02:25:00,early_exit,36,69410.0,69643.43,0.0013583386790416482,0.19999999999999998,0.005287422561590549,-0.008788359026076935,False,
2024-04-07 03:25:00,2024-04-07 06:25:00,signal_exit_th,36,69453.31,69243.31,0.0010276652726090708,0.19999999999999998,0.005749761962388783,-0.0008162317965839545,False,
2024-04-07 18:30:00,2024-04-07 21:30:00,signal_exit_th,36,69435.27,69240.01,0.0008157433730923038,0.19999999999999998,0.00843231400986847,-0.001057675731656294,False,
2024-04-08 08:00:00,2024-04-08 11:00:00,early_exit,36,70969.99,72260.0,0.016142518487382875,0.19999999999999998,0.023672118313670252,-0.0016987461883538693,False,
2024-04-08 12:00:00,2024-04-08 15:05:00,signal_exit_th,37,72430.01,71756.0,0.007322301133802809,0.21476451533430851,0.016358412762886496,-0.005080490807608759,False,
2024-04-09 14:30:00,2024-04-09 18:05:00,signal_exit_th,43,69826.99,68871.71,0.011706056622212834,0.19999999999999998,0.02315709154869779,-7.174876075847979e-05,False,
2024-04-10 13:05:00,2024-04-10 16:05:00,signal_exit_th,36,67673.53,68857.63,-0.01953427156989029,0.19999999999999998,0.002298239799224288,-0.0192253898976454,False,
2024-04-12 18:35:00,2024-04-12 21:35:00,signal_exit_th,36,66064.0,66753.11,-0.01245383052585166,0.19999999999999998,0.0005593061273915762,-0.02082828772099782,False,
2024-04-13 17:40:00,2024-04-13 22:20:00,signal_exit_th,56,66972.0,62874.51,0.0593026205743461,0.19999999999999998,0.09423983157140298,-0.004053485038523579,False,
2024-04-14 18:10:00,2024-04-14 22:35:00,signal_exit_th,53,64257.74,65383.45,-0.01955574220004935,0.19999999999999998,0.014493506930060095,-0.01876536585320305,False,
2024-04-15 06:35:00,2024-04-15 09:35:00,early_exit,36,66250.0,66660.13,0.0041802705973272136,0.19999999999999998,0.009314264150943502,-0.0028003018867925143,False,
2024-04-15 11:10:00,2024-04-15 14:10:00,signal_exit_th,36,66250.04,65205.43,0.013797253535221883,0.19999999999999998,0.016170405331075933,-0.00224845147263317,False,
2024-04-15 18:20:00,2024-04-15 21:20:00,early_exit,36,63377.0,62862.79,-0.010095302397083781,0.19999999999999998,0.007857740189658709,-0.017397478580557593,False,
2024-04-16 11:00:00,2024-04-16 15:55:00,signal_exit_th,59,62830.0,61762.2,0.015027088205506219,0.19999999999999998,0.017421295559446152,-0.009437689002069094,False,
2024-04-17 16:00:00,2024-04-17 20:20:00,early_exit,52,60060.02,61330.64,0.019115565708124376,0.19999999999999998,0.031575081060579095,-0.00635797324076804,False,
2024-04-18 14:10:00,2024-04-18 19:45:00,signal_exit_th,67,63462.04,63272.12,0.00099664443640777,0.19999999999999998,0.018152741386819618,-0.010321918425565828,False,
2024-04-19 05:30:00,2024-04-19 08:30:00,early_exit,36,61900.8,64279.37,0.036350736829082825,0.19999999999999998,0.05295892783291972,-0.002602874276261415,False,
2024-04-20 16:20:00,2024-04-20 21:30:00,signal_exit_th,62,64690.62,64668.88,-0.001665268121208618,0.19999999999999998,0.001246239408433597,-0.01125943761243898,False,
2024-04-21 16:15:00,2024-04-21 19:15:00,signal_exit_th,36,64502.62,64685.92,-0.004849436214239666,0.19999999999999998,0.004110220639099662,-0.00578829201046408,False,
2024-04-22 03:10:00,2024-04-22 06:25:00,signal_exit_th,39,65099.67,66272.58,-0.020055214378780245,0.19999999999999998,0.0014442469524038571,-0.020201945724148823,False,
2024-04-23 16:30:00,2024-04-23 20:55:00,signal_exit_th,53,66610.63,66352.94,0.0018743446996566612,0.19999999999999998,0.009467407829651282,-0.004434127105538569,False,
2024-04-26 16:30:00,2024-04-26 19:30:00,signal_exit_th,36,63753.71,63851.62,-0.00046531667467915755,0.19999999999999998,0.006412019002501986,-0.0031800502276651504,False,
2024-04-27 15:35:00,2024-04-27 20:15:00,signal_exit_th,56,62966.54,63199.2,-0.0057043776730454805,0.19999999999999998,0.0034389693319658485,-0.01085433628717727,False,
2024-04-27 21:30:00,2024-04-28 00:30:00,signal_exit_th,36,63222.55,63630.21,-0.00846292672168088,0.19999999999999998,0.0,-0.00831981626808789,False,
2024-04-28 03:25:00,2024-04-28 07:45:00,signal_exit_th,52,64167.5,63937.99,0.0015818913938678665,0.19999999999999998,0.005727198348073402,-0.00035064479682082053,False,
2024-04-30 01:35:00,2024-04-30 04:35:00,signal_exit_th,36,64134.02,63520.0,0.007591179109509043,0.19999999999999998,0.017749082312320353,-0.0013777399264852037,False,
2024-04-30 10:55:00,2024-04-30 13:55:00,early_exit,36,61782.19,60820.57,-0.017531583460858615,0.19999999999999998,0.0,-0.016910051262346078,False,
2024-05-01 18:55:00,2024-05-01 21:55:00,early_exit,36,58913.99,57909.03,-0.019022007466178412,0.19999999999999998,0.005943749523670109,-0.03656126498986066,False,
2024-05-01 22:55:00,2024-05-02 01:55:00,early_exit,36,57880.58,57112.37,-0.015243811125780502,0.19999999999999998,0.012611656621270919,-0.01673687444044281,False,
2024-05-02 13:55:00,2024-05-02 16:55:00,signal_exit_th,36,58450.22,59017.54,-0.01172747054216789,0.19999999999999998,0.0025700502068255887,-0.017190354458888245,False,
2024-05-03 13:35:00,2024-05-03 16:35:00,early_exit,36,61545.35,62129.3,0.007471166131406158,0.19999999999999998,0.010311745728962455,-0.003406593674420508,False,
2024-05-03 17:35:00,2024-05-03 23:55:00,signal_exit_th,76,61878.0,62882.01,-0.018260123305696856,0.19999999999999998,0.004538931445748094,-0.023514011441869487,False,
2024-05-04 10:55:00,2024-05-04 16:25:00,signal_exit_th,66,64420.91,63531.91,0.011825492514604193,0.19999999999999998,0.01606465975100323,-0.0018486233739945074,False,
2024-05-05 13:55:00,2024-05-05 20:35:00,signal_exit_th,80,64119.92,63709.54,0.00441100633583713,0.19999999999999998,0.008388032923309894,-0.008204626580943983,False,
2024-05-06 10:55:00,2024-05-06 13:55:00,signal_exit_th,36,64007.17,63870.0,0.00014532953311528432,0.19999999999999998,0.010363057763684876,-0.005502821012083508,False,
2024-05-09 18:15:00,2024-05-09 21:15:00,signal_exit_th,36,62123.81,62603.13,-0.009733008834963466,0.19999999999999998,0.001977663636534858,-0.01124898810938997,False,
2024-05-10 09:05:00,2024-05-10 17:05:00,time_stop,96,62904.0,60837.79,0.0309107945857596,0.19999999999999998,0.04211178939336131,-0.00898400737631943,False,
2024-05-11 15:40:00,2024-05-11 21:10:00,signal_exit_th,66,61123.75,60905.65,0.0015733126119841447,0.19999999999999998,0.0055520153786376095,-0.0046845947769892475,False,
2024-05-12 17:55:00,2024-05-12 22:05:00,signal_exit_th,50,61616.3,61338.73,0.0025118311183848236,0.19999999999999998,0.011453462801239302,-0.0005907527715879431,False,
2024-05-13 08:40:00,2024-05-13 11:40:00,early_exit,36,62993.67,62675.04,-0.007046023118590454,0.19999999999999998,0.004791116313750334,-0.009760187015616041,False,
2024-05-13 12:40:00,2024-05-13 15:40:00,signal_exit_th,36,62750.72,63038.02,-0.0065896015574360605,0.19999999999999998,0.0023892952941416495,-0.005566151272845934,False,
2024-05-14 16:45:00,2024-05-14 19:45:00,signal_exit_th,36,61290.23,61619.99,-0.007393076243038018,0.19999999999999998,0.0021355769100557575,-0.006032935428697115,False,
2024-05-15 12:05:00,2024-05-15 15:55:00,signal_exit_th,46,62537.69,64725.11,-0.03704965437322349,0.19999999999999998,0.0017515837249505197,-0.04028882422743788,False,
2024-05-16 12:25:00,2024-05-16 15:45:00,signal_exit_th,40,66376.6,65729.35,0.007768697247368987,0.19999999999999998,0.015292889361612431,-0.0056557582039452,False,
2024-05-17 18:20:00,2024-05-17 21:20:00,signal_exit_th,36,66463.9,66826.65,-0.007470778679660573,0.19999999999999998,0.0009415637661946892,-0.009119236156770906,False,
2024-05-19 12:30:00,2024-05-19 15:35:00,signal_exit_th,37,66924.76,66933.95,-0.0021395952992869106,0.19999999999999998,0.003702067814662238,-0.0037993412303608423,False,
2024-05-20 05:10:00,2024-05-20 09:35:00,signal_exit_th,53,67147.65,66914.02,0.0014843110369162972,0.19999999999999998,0.012926885751027696,-0.0007796251990949174,False,
2024-05-20 17:20:00,2024-05-20 20:20:00,early_exit,36,68477.87,69569.55,0.013912230332221272,0.19999999999999998,0.028379533417146444,-0.005520469605728082,False,
2024-05-21 14:00:00,2024-05-21 17:00:00,signal_exit_th,36,70678.63,69703.98,0.011815487828393116,0.19999999999999998,0.015430831072984926,-0.0035208662080743677,False,
2024-05-23 16:20:00,2024-05-23 19:20:00,early_exit,36,67923.3,67319.99,-0.010862479804801456,0.24520704006276547,0.0036021512500128564,-0.01705747512267522,False,
2024-05-24 16:35:00,2024-05-24 19:35:00,signal_exit_th,36,68130.01,68944.0,-0.013973519540449618,0.19999999999999998,0.00020548947519602597,-0.015998676647779816,False,
2024-05-25 13:30:00,2024-05-25 16:30:00,signal_exit_th,36,69172.0,68975.56,0.0008435608452955091,0.19999999999999998,0.004689036026137828,-0.0005866535592436498,False,
2024-05-27 15:55:00,2024-05-27 18:55:00,early_exit,36,70373.85,69985.5,-0.007505361278815546,0.19999999999999998,0.004457763785837948,-0.006987538695126175,False,
2024-05-27 19:55:00,2024-05-27 22:55:00,signal_exit_th,36,69260.01,69591.58,-0.006798908670132745,0.20592492249972402,0.0011983827319689963,-0.009065693175614608,False,
2024-05-28 14:40:00,2024-05-28 17:40:00,signal_exit_th,36,67814.7,68094.0,-0.006128823460463988,0.19999999999999998,0.0025693544320035434,-0.009523451405078867,False,
2024-06-01 16:30:00,2024-06-01 19:30:00,signal_exit_th,36,67668.23,67710.01,-0.002620662245422487,0.19999999999999998,0.0016478929624728586,-0.0034250932823276757,False,
2024-06-02 13:45:00,2024-06-02 19:25:00,signal_exit_th,68,68099.99,67595.24,0.00542473198886221,0.19999999999999998,0.012371807984112831,-0.005286491231496432,False,
2024-06-03 13:55:00,2024-06-03 18:40:00,signal_exit_th,57,69795.34,69377.11,0.004002228327663202,0.19999999999999998,0.018559118703340316,-0.0040737676756070216,False,
2024-06-04 17:40:00,2024-06-04 20:40:00,signal_exit_th,36,70416.2,70346.46,-0.0010096221289102607,0.19999999999999998,0.004596953541940592,-0.009191776892249226,False,
2024-06-05 03:25:00,2024-06-05 06:50:00,signal_exit_th,41,70870.0,71072.01,-0.004858138934758006,0.19999999999999998,0.0014392549738958657,-0.005503033723719486,False,
2024-06-05 15:40:00,2024-06-05 18:40:00,early_exit,36,71548.0,71060.02,-0.008804691423073427,0.19999999999999998,0.0029350925252977023,-0.00777841449097108,False,
2024-06-06 14:10:00,2024-06-06 18:45:00,signal_exit_th,55,71182.83,71133.01,-0.001300712944799071,0.19999999999999998,0.005378122786070767,-0.007265375653089351,False,
2024-06-07 14:10:00,2024-06-07 19:35:00,signal_exit_th,65,71373.19,69337.68,0.026574345714768244,0.19999999999999998,0.04137674104239984,-0.002394036192021056,False,
2024-06-09 14:35:00,2024-06-09 19:05:00,signal_exit_th,54,69424.66,69804.0,-0.007476993733174239,0.19999999999999998,0.00021116415982452765,-0.006102442561476044,False,
2024-06-10 19:35:00,2024-06-10 22:35:00,signal_exit_th,36,69706.34,69461.47,0.001517910680692665,0.19999999999999998,0.005334952315671575,-0.00026625985527281554,False,
2024-06-12 12:40:00,2024-06-12 20:15:00,signal_exit_th,91,69417.99,67802.62,0.02131477761051602,0.19999999999999998,0.031230953244252752,-0.008369732399339058,False,
2024-06-13 13:30:00,2024-06-13 17:35:00,signal_exit_th,49,68135.92,66866.87,0.016660557197912595,0.19999999999999998,0.02765266837227705,-0.0019971844513143986,False,
2024-06-14 09:45:00,2024-06-14 12:45:00,signal_exit_th,36,66950.02,67001.03,-0.0027654389975715356,0.19999999999999998,0.003041373251270274,-0.0050482434508607454,False,
2024-06-14 16:20:00,2024-06-14 19:30:00,signal_exit_th,38,65713.3,65562.57,0.0002963418912701365,0.19999999999999998,0.009667753711957897,-0.0009154919932495171,False,
2024-06-16 11:05:00,2024-06-16 17:05:00,signal_exit_th,72,66679.99,66583.31,-0.0005491890433684579,0.19999999999999998,0.0036718661775445834,-0.001705609134014506,False,
2024-06-18 15:10:00,2024-06-18 18:10:00,early_exit,36,64413.8,64712.0,0.0026221911252757974,0.19999999999999998,0.008013034473979087,-0.0014406850705905086,False,
2024-06-20 02:25:00,2024-06-20 07:10:00,signal_exit_th,57,65152.0,65582.45,-0.00862208675399369,0.19999999999999998,0.0012446279469547597,-0.007426172642436176,False,
2024-06-24 17:25:00,2024-06-24 21:00:00,signal_exit_th,43,59967.07,59462.0,0.006437315629343877,0.19999999999999998,0.02609882390451959,-0.008670258526888179,False,
2024-06-25 17:55:00,2024-06-25 20:55:00,signal_exit_th,36,61381.44,61924.01,-0.010859015233138739,0.19999999999999998,0.00400886652382218,-0.016919772491489245,False,
2024-06-28 05:15:00,2024-06-28 08:15:00,signal_exit_th,36,61584.47,61359.02,0.00166615250759028,0.19999999999999998,0.006046329537300566,-0.00137924382559438,False,
2024-06-30 07:20:00,2024-06-30 10:20:00,early_exit,36,61552.05,61532.01,-0.0023229296005751366,0.19999999999999998,0.0026254202743856386,-0.0026398795815899753,False,
2024-06-30 20:55:00,2024-07-01 00:00:00,signal_exit_th,37,61990.01,62722.08,-0.013835128107411667,0.19999999999999998,0.0024973378775064716,-0.01724068120008369,False,
2024-07-02 18:30:00,2024-07-02 21:30:00,early_exit,36,62282.37,62012.02,-0.006330043957224948,0.19999999999999998,0.001387872683714429,-0.006531864474649884,False,
2024-07-03 10:55:00,2024-07-03 13:55:00,signal_exit_th,36,60383.99,60589.99,-0.005420332132429205,0.19999999999999998,0.010461382230621015,-0.004241356028311488,False,
2024-07-04 11:50:00,2024-07-04 14:50:00,early_exit,36,57758.0,57500.0,-0.006455990769852081,0.19999999999999998,0.0005194085667786281,-0.017088541847016865,False,
2024-07-05 04:15:00,2024-07-05 07:15:00,signal_exit_th,36,53778.14,54376.01,-0.01314160141799039,0.19999999999999998,0.0006474749777511775,-0.019341687905160044,False,
2024-07-06 15:20:00,2024-07-06 19:00:00,signal_exit_th,44,57152.04,57747.79,-0.01244682064176875,0.19999999999999998,1.7497188205420607e-07,-0.01681409797445549,False,
2024-07-07 21:45:00,2024-07-08 02:25:00,signal_exit_th,56,56401.1,55284.0,0.017844001647508958,0.19999999999999998,0.03795918873922663,-0.006950396357517886,False,
2024-07-08 08:40:00,2024-07-08 16:40:00,time_stop,96,57152.02,55878.0,0.020334401691001137,0.19999999999999998,0.041153750996027735,-0.01897938165615155,False,
2024-07-09 01:45:00,2024-07-09 04:45:00,signal_exit_th,36,56627.41,57157.94,-0.011389542808161408,0.19999999999999998,0.005163223958150384,-0.013046332156106006,False,
2024-07-09 18:25:00,2024-07-09 21:25:00,signal_exit_th,36,57718.0,57906.01,-0.005265912677985196,0.19999999999999998,0.0006207768806958271,-0.010014207006479781,False,
2024-07-10 08:00:00,2024-07-10 11:00:00,signal_exit_th,36,58782.21,58643.98,0.0003542676370050096,0.19999999999999998,0.00800497293313735,-0.001554041605444888,False,
2024-07-11 12:15:00,2024-07-11 17:15:00,signal_exit_th,60,58556.5,57816.01,0.010669050100880843,0.19999999999999998,0.02354136603109817,-0.018674271857095283,False,
2024-07-12 16:25:00,2024-07-12 21:00:00,signal_exit_th,55,58230.86,57605.99,0.00875038927284769,0.19999999999999998,0.018560605149915404,-0.005080124181576568,False,
2024-07-13 23:05:00,2024-07-14 02:05:00,early_exit,36,59286.54,59612.01,0.003480808374296898,0.19999999999999998,0.009504012209179336,-0.0025854097742927626,False,
2024-07-14 03:05:00,2024-07-14 09:25:00,signal_exit_th,76,59524.01,60269.17,-0.014545710193231198,0.24143728526563213,0.0024867276247014284,-0.014716582434550325,False,
2024-07-15 01:05:00,2024-07-15 04:05:00,signal_exit_th,36,61402.0,62618.0,-0.02184556466175964,0.19999999999999998,0.0034321357610500956,-0.022767010846552267,False,
2024-07-15 19:30:00,2024-07-16 00:45:00,signal_exit_th,63,63613.25,64608.14,-0.017672978909670924,0.19999999999999998,0.0064933013169425815,-0.02110000668099803,False,
2024-07-16 16:25:00,2024-07-16 19:25:00,signal_exit_th,36,64464.8,65107.92,-0.011998271710859031,0.19999999999999998,0.00547957955349284,-0.010095587049056193,False,
2024-07-18 07:00:00,2024-07-18 10:00:00,signal_exit_th,36,64949.85,64776.6,0.0006707808735065973,0.19999999999999998,0.004770603781225031,-2.309474155851864e-06,False,
2024-07-18 16:45:00,2024-07-18 19:45:00,early_exit,36,63787.99,63676.0,-0.003750153833421774,0.19999999999999998,0.002673230493702719,-0.008614631061426998,False,
2024-07-19 14:25:00,2024-07-19 17:25:00,early_exit,36,65555.31,66505.19,0.01246279664458165,0.19999999999999998,0.01854159487614352,-0.004382711331850885,False,
2024-07-19 18:25:00,2024-07-19 21:25:00,signal_exit_th,36,66525.66,67113.7,-0.010858994285239055,0.19999999999999998,0.0005662476704477378,-0.012932453432254508,False,
2024-07-20 17:50:00,2024-07-20 23:10:00,signal_exit_th,64,67422.01,67147.99,0.002070386059234761,0.19999999999999998,0.009360593076355936,-0.0023072584160574896,False,
2024-07-21 17:55:00,2024-07-21 20:55:00,signal_exit_th,36,66648.01,67723.91,-0.018177337979084707,0.19999999999999998,0.01306880730572443,-0.023423805151871886,False,
2024-07-21 22:50:00,2024-07-22 01:55:00,signal_exit_th,37,67998.49,67850.01,0.00018594742536432582,0.19999999999999998,0.0034778713468491024,-0.007001037817163258,False,
2024-07-22 18:15:00,2024-07-22 21:15:00,early_exit,36,67534.05,67828.01,0.002346068398082047,0.19999999999999998,0.010690162962239005,-0.003132493904926521,False,
2024-07-24 18:10:00,2024-07-24 21:10:00,early_exit,36,66592.0,65625.99,-0.01647541535230746,0.24693925849958787,0.0008709754925516578,-0.015647525228255646,False,
2024-07-25 17:05:00,2024-07-25 21:00:00,signal_exit_th,47,65009.98,65346.56,-0.007189726007359779,0.19999999999999998,0.00956037826807521,-0.0055826813052396,False,
2024-07-26 13:55:00,2024-07-26 21:55:00,time_stop,96,67887.88,67946.01,-0.002859981016464685,0.19999999999999998,0.014669481503915052,-0.004597580599070045,False,
2024-07-29 03:00:00,2024-07-29 06:30:00,signal_exit_th,42,69680.01,69688.0,-0.0021168985985437114,0.19999999999999998,0.0059836386361022025,-0.0029849306852855685,False,
2024-07-31 16:10:00,2024-07-31 21:50:00,signal_exit_th,68,66645.32,64977.22,0.023077621586564283,0.19999999999999998,0.031739963136196314,-0.0028656175707460914,False,
2024-08-01 18:45:00,2024-08-01 22:05:00,signal_exit_th,40,62816.0,65200.43,0.0358851154258376,0.19999999999999998,0.04043555781966378,0.0,False,
2024-08-02 02:35:00,2024-08-02 05:35:00,signal_exit_th,36,63996.01,64306.01,-0.006855751800163222,0.19999999999999998,0.0,-0.010300017141693618,False,
2024-08-02 18:15:00,2024-08-02 21:15:00,early_exit,36,63038.0,61929.98,-0.019539900120184996,0.19999999999999998,0.0028871474348805483,-0.01899996827310513,False,
2024-08-03 15:35:00,2024-08-03 18:35:00,signal_exit_th,36,61288.0,60267.4,0.014683862167872106,0.19999999999999998,0.018167667406343804,-0.0032632815559326457,False,
2024-08-05 04:45:00,2024-08-05 07:45:00,early_exit,36,53855.84,52887.7,-0.01993859403677903,0.19999999999999998,0.00037433266290161837,-0.09016366655872413,False,
2024-08-06 14:30:00,2024-08-06 17:30:00,early_exit,36,55983.96,56679.35,0.01039841671533326,0.19999999999999998,0.017949248320411823,-0.004446988030142904,False,
2024-08-06 19:25:00,2024-08-06 22:25:00,signal_exit_th,36,56672.0,56056.01,0.00888914729947337,0.19999999999999998,0.012683335686053093,-0.004650621118012381,False,
2024-08-10 22:05:00,2024-08-11 01:05:00,signal_exit_th,36,61000.75,61051.12,-0.0028293826627453396,0.19999999999999998,0.003989459145994116,-0.003987491957066068,False,
2024-08-11 04:55:00,2024-08-11 07:55:00,signal_exit_th,36,60895.99,61257.0,-0.007942175447621982,0.19999999999999998,0.00022907912327227277,-0.006165266382893231,False,
2024-08-12 14:30:00,2024-08-12 19:30:00,signal_exit_th,60,59902.86,59138.36,0.010785877083078934,0.19999999999999998,0.02441152225453008,-0.013492344105106099,False,
2024-08-15 14:15:00,2024-08-15 20:45:00,signal_exit_th,78,59339.78,56803.03,0.040833151390521086,0.19999999999999998,0.044822882727236245,-0.008587830962635833,False,
2024-08-16 16:25:00,2024-08-16 19:25:00,signal_exit_th,36,58555.0,59781.2,-0.022984921562327336,0.19999999999999998,0.005163863034753695,-0.0212620613098796,False,
2024-08-17 17:15:00,2024-08-17 20:15:00,signal_exit_th,36,59514.65,59459.99,-0.001081733976743808,0.19999999999999998,0.0037022817071091533,-0.00179216377816212,False,
2024-08-18 14:45:00,2024-08-18 17:45:00,signal_exit_th,36,59866.72,59503.76,0.004072936572328578,0.19999999999999998,0.008177832358278552,-0.0013214353483872272,False,
2024-08-20 16:00:00,2024-08-20 19:50:00,signal_exit_th,46,58908.89,59543.36,0.008750839605910872,0.19999999999999998,0.01168567256996354,-0.0061223356950028465,False,
2024-08-21 08:20:00,2024-08-21 11:25:00,signal_exit_th,37,59347.98,59358.69,-0.002182824355878918,0.19999999999999998,0.0044163255430093125,-0.004246479829641999,False,
2024-08-21 15:55:00,2024-08-21 22:05:00,signal_exit_th,74,59511.8,61370.25,-0.0332927816561314,0.19999999999999998,0.002298703786476008,-0.03880121253264054,False,
2024-08-23 14:25:00,2024-08-23 17:25:00,early_exit,36,61829.49,61800.98,-0.002458187533464577,0.19999999999999998,0.001985945541520735,-0.016612299405995384,False,
2024-08-23 18:25:00,2024-08-23 22:20:00,signal_exit_th,47,63124.69,64446.01,-0.022975812491768867,0.23605339036447354,0.0019751384125609216,-0.026175336465018642,False,
2024-08-24 10:40:00,2024-08-24 13:40:00,signal_exit_th,36,64264.99,64152.01,-0.00024044899800743476,0.19999999999999998,0.006177391453729285,-1.5560571941328036e-07,False,
2024-08-25 17:00:00,2024-08-25 20:00:00,signal_exit_th,36,64036.99,64197.67,-0.004516200150317278,0.19999999999999998,0.0,-0.003305433312840056,False,
2024-08-25 22:30:00,2024-08-26 03:30:00,signal_exit_th,60,64379.27,64111.01,0.002173209320789537,0.19999999999999998,0.00915310161174547,-0.009641768227567713,False,
2024-08-29 14:05:00,2024-08-29 20:15:00,signal_exit_th,74,60754.0,59414.0,0.020098315387514488,0.19999999999999998,0.03026944727919146,-0.006797741712479803,False,
2024-08-30 18:15:00,2024-08-30 21:15:00,early_exit,36,58798.01,59012.0,0.0016341353405311336,0.19999999999999998,0.009745057698381254,-0.001666893148254542,False,
2024-09-01 02:50:00,2024-09-01 07:30:00,signal_exit_th,56,58529.99,58200.0,0.0036472496148296225,0.19999999999999998,0.012865028680168884,-0.002426448389962207,False,
2024-09-01 18:25:00,2024-09-01 21:25:00,signal_exit_th,36,58532.61,58180.95,0.004017958905670213,0.19999999999999998,0.006741712013183772,-0.004141110399826685,False,
2024-09-02 13:10:00,2024-09-02 19:35:00,signal_exit_th,77,58408.99,58437.0,-0.002482511527608929,0.19999999999999998,0.005221627698064938,-0.006831311412849325,False,
2024-09-03 00:55:00,2024-09-03 04:20:00,signal_exit_th,41,59257.99,59086.01,0.0009060329196060868,0.19999999999999998,0.0036472718700043217,-0.009309461897037066,False,
2024-09-03 13:55:00,2024-09-03 17:45:00,signal_exit_th,46,58398.99,57950.99,0.005684721636487257,0.19999999999999998,0.01422952691476339,0.0,False,
2024-09-04 01:10:00,2024-09-04 04:10:00,signal_exit_th,36,56202.01,56700.0,-0.010880456295308823,0.19999999999999998,0.002813244579686751,-0.012840110166878362,False,
2024-09-04 16:05:00,2024-09-04 19:05:00,early_exit,36,58334.91,57831.99,-0.010602029412035325,0.19999999999999998,0.0031557432761959605,-0.011809566518573586,False,
2024-09-06 07:30:00,2024-09-06 10:30:00,signal_exit_th,36,55424.01,56206.04,-0.016140199971178614,0.19999999999999998,0.002598332383384061,-0.014614424326208044,False,
2024-09-06 17:15:00,2024-09-06 20:15:00,early_exit,36,54307.0,53588.37,-0.015204295400770914,0.19999999999999998,0.002356970556281879,-0.019140442300255935,False,
2024-09-07 09:40:00,2024-09-07 12:40:00,signal_exit_th,36,54204.98,54473.99,-0.006974765732540306,0.19999999999999998,-3.6896978832569584e-07,-0.00622267548110885,False,
2024-09-08 12:50:00,2024-09-08 15:50:00,signal_exit_th,36,54189.15,53766.24,0.0058179521155044475,0.19999999999999998,0.008042015790984004,-0.004702970982198439,False,
2024-09-08 22:50:00,2024-09-09 04:20:00,signal_exit_th,66,54715.99,54950.0,-0.006287376140137574,0.19999999999999998,0.005322758484311405,-0.011957016586924687,False,
2024-09-10 14:30:00,2024-09-10 17:30:00,signal_exit_th,36,56925.05,57184.21,-0.006563769428448399,0.19999999999999998,0.006307416506441415,-0.007992087841820025,False,
2024-09-11 13:10:00,2024-09-11 16:15:00,signal_exit_th,37,56965.43,56917.99,-0.00116754898418086,0.19999999999999998,0.02493161203206924,-0.0026858394643909473,False,
2024-09-12 04:45:00,2024-09-12 07:45:00,signal_exit_th,36,58219.98,58078.0,0.000441561947079472,0.19999999999999998,0.006590520986094539,-0.00024063903835066177,False,
2024-09-13 17:55:00,2024-09-13 20:55:00,early_exit,36,59584.0,59838.52,0.002265079844967008,0.19999999999999998,0.006964957035445757,-0.001779001074113856,False,
2024-09-15 13:40:00,2024-09-15 16:40:00,early_exit,36,60176.21,59994.0,-0.005019892942213004,0.19999999999999998,0.0036491164863989237,-0.005071937897052658,False,
2024-09-15 17:40:00,2024-09-15 20:40:00,signal_exit_th,36,59802.0,59780.0,-0.0016333848312712258,0.19999999999999998,0.0018544530283268362,-0.006350958161934432,False,
2024-09-17 15:20:00,2024-09-17 18:20:00,early_exit,36,61146.0,61030.86,-0.003877273741860125,0.19999999999999998,0.0018807444477153044,-0.007517090243024882,False,
2024-09-17 19:20:00,2024-09-17 22:20:00,signal_exit_th,36,60334.55,60150.76,0.0010502781251880149,0.19999999999999998,0.011871970537610719,-0.0020792398385335946,False,
2024-09-19 13:55:00,2024-09-19 21:40:00,signal_exit_th,93,63035.98,62935.01,-0.0003970116117178867,0.19999999999999998,0.0035741492398468763,-0.012913577293475833,False,
2024-09-20 07:40:00,2024-09-20 10:40:00,signal_exit_th,36,63510.01,63656.02,-0.004305612288196373,0.19999999999999998,0.0066065176182463475,-0.002466540313881252,False,
2024-09-20 14:15:00,2024-09-20 18:25:00,signal_exit_th,50,62930.01,62626.01,0.0028384327700346186,0.19999999999999998,0.00921674730386984,-0.009152866811875573,False,
2024-09-21 16:35:00,2024-09-21 19:35:00,signal_exit_th,36,63124.0,63256.01,-0.0040974694040089585,0.19999999999999998,0.00015921044293775601,-0.0043723464926177045,False,
2024-09-22 00:20:00,2024-09-22 03:20:00,early_exit,36,63179.9,63141.99,-0.002596835736964207,0.19999999999999998,0.0018059541088225612,-0.005537995470078291,False,
2024-09-22 22:30:00,2024-09-23 01:30:00,signal_exit_th,36,63013.98,63787.0,-0.014293997962066488,0.19999999999999998,0.007541659803110408,-0.015647638825543105,False,
2024-09-26 14:15:00,2024-09-26 19:40:00,signal_exit_th,65,64956.0,65088.12,-0.004040066299441896,0.19999999999999998,0.009792782806823058,-0.013593817353285301,False,
2024-10-02 14:15:00,2024-10-02 17:15:00,early_exit,36,61631.31,61738.01,-0.0002701981725305035,0.19999999999999998,0.012315169026911809,-0.009478137005362926,False,
2024-10-02 18:20:00,2024-10-02 21:20:00,signal_exit_th,36,61236.0,60794.0,0.005230424754887508,0.19999999999999998,0.020184205369390553,-0.0007185315827291136,False,
2024-10-04 11:15:00,2024-10-04 17:35:00,signal_exit_th,76,61434.01,61992.44,-0.011110116187906149,0.19999999999999998,0.011069438573194243,-0.014747368762026081,False,
2024-10-05 13:30:00,2024-10-05 16:30:00,signal_exit_th,36,62218.01,62101.01,-0.00011775282344037849,0.19999999999999998,0.0027003435178978245,-0.0005491978930216228,False,
2024-10-06 15:10:00,2024-10-06 20:25:00,signal_exit_th,63,62638.7,62676.0,-0.0025986726652609815,0.19999999999999998,0.0031083020560771072,-0.005368885369587857,False,
2024-10-07 00:50:00,2024-10-07 04:00:00,signal_exit_th,38,63618.0,63604.62,-0.0022078996171233877,0.19999999999999998,0.005536011820553968,-0.004275991071709246,False,
2024-10-07 05:20:00,2024-10-07 08:20:00,signal_exit_th,36,63534.91,63626.1,-0.0034401493537895636,0.19999999999999998,0.0036897825148410578,-0.0034469239037247393,False,
2024-10-07 14:20:00,2024-10-07 17:20:00,early_exit,36,64386.0,63728.38,-0.012191306038105058,0.19999999999999998,0.0004665610536452159,-0.01487963221818409,False,
2024-10-07 19:05:00,2024-10-07 22:05:00,signal_exit_th,36,63262.0,63243.37,-0.0017069228502632691,0.19999999999999998,0.0043898390819132995,-0.003267680440074629,False,
2024-10-08 15:30:00,2024-10-08 19:10:00,signal_exit_th,44,61943.99,61912.01,-0.0014846955768908624,0.19999999999999998,0.0012769600408368681,-0.01055808642614081,False,
2024-10-10 14:10:00,2024-10-10 18:30:00,signal_exit_th,52,60900.01,59331.11,0.023811473906145558,0.19999999999999998,0.03208554481353947,-0.002139572719281912,False,
2024-10-11 13:55:00,2024-10-11 19:00:00,signal_exit_th,61,61676.0,62942.96,-0.02258531571327471,0.19999999999999998,0.000674330371619374,-0.021036870095336942,False,
2024-10-12 11:40:00,2024-10-12 19:35:00,signal_exit_th,95,62960.81,62989.67,-0.0024613000602350184,0.19999999999999998,0.0021724625207331172,-0.00824624079645739,False,
2024-10-14 03:45:00,2024-10-14 06:45:00,early_exit,36,64136.01,64131.31,-0.002071137345689089,0.19999999999999998,0.005675282887101925,-0.005572376579085593,False,
2024-10-14 07:45:00,2024-10-14 10:45:00,signal_exit_th,36,64465.6,64900.0,-0.008753970023236208,0.19999999999999998,0.0019331240227345335,-0.008274180338040777,False,
2024-10-14 14:45:00,2024-10-14 17:45:00,early_exit,36,66200.02,65792.92,-0.008135260164791526,0.19999999999999998,2.9909356522791464e-05,-0.01119365220735589,False,
2024-10-15 18:55:00,2024-10-15 22:30:00,signal_exit_th,43,66901.15,66991.99,-0.003362544561612309,0.24406879591029737,0.011517141334640657,-0.0022546697627770385,False,
2024-10-16 13:30:00,2024-10-16 17:20:00,signal_exit_th,46,67878.99,67878.78,-0.001998902067538771,0.19999999999999998,0.011223060331333926,-0.0063336239976463735,False,
2024-10-17 18:25:00,2024-10-17 21:25:00,signal_exit_th,36,66920.01,67106.01,-0.004787004161630747,0.19999999999999998,0.002092199328720883,-0.0034293180769101087,False,
2024-10-18 15:05:00,2024-10-18 18:05:00,early_exit,36,68373.99,68646.34,0.001977279306421454,0.19999999999999998,0.007810864921002821,-0.001183929737024439,False,
2024-10-18 19:05:00,2024-10-18 22:05:00,signal_exit_th,36,68951.99,68337.37,0.006929581705306303,0.2551346392716831,0.01047090881640987,-0.00017417916437211978,False,
2024-10-20 01:40:00,2024-10-20 04:40:00,signal_exit_th,36,68169.99,68254.0,-0.0032368296466617503,0.19999999999999998,0.0010266981115884752,-0.0021418515684100106,False,
2024-10-20 14:35:00,2024-10-20 17:35:00,early_exit,36,68710.57,68427.67,-0.006107046141206954,0.19999999999999998,0.00013724234859342622,-0.005014803399244205,False,
2024-10-21 01:25:00,2024-10-21 04:25:00,signal_exit_th,36,69420.0,68807.98,0.006831839329966787,0.19999999999999998,0.011977672140593565,-0.0004609622587150677,False,
2024-10-24 16:35:00,2024-10-24 19:35:00,signal_exit_th,36,67660.0,68192.62,-0.009889768870259566,0.19999999999999998,0.0029559562518474726,-0.00854936446940581,False,
2024-10-27 13:25:00,2024-10-27 16:25:00,early_exit,36,67664.25,67689.99,-0.0016183543786376204,0.19999999999999998,0.0031706551096035737,-0.0011990083389678398,False,
2024-10-27 17:25:00,2024-10-27 20:25:00,signal_exit_th,36,67759.37,67887.98,-0.003903841961220592,0.19999999999999998,0.003224498692948159,-0.0035512431712397072,False,
2024-10-28 01:30:00,2024-10-28 04:30:00,signal_exit_th,36,67827.22,67668.13,0.00034821224087103664,0.19999999999999998,0.0028127350641821798,-0.0024187929270873504,False,
2024-10-28 11:00:00,2024-10-28 18:45:00,signal_exit_th,93,68511.63,68958.3,-0.008534677319086479,0.19999999999999998,0.001240081428510844,-0.011215176167900184,False,
2024-10-28 22:35:00,2024-10-29 01:35:00,signal_exit_th,36,69871.29,69920.0,-0.0027005366579031264,0.19999999999999998,0.0019749170224278197,-0.003924501751721006,False,
2024-10-29 13:40:00,2024-10-29 21:40:00,time_stop,96,71516.61,72333.38,-0.01344556979940154,0.19999999999999998,0.0026419037479545287,-0.029412887439714982,False,
2024-10-31 00:45:00,2024-10-31 03:45:00,signal_exit_th,36,72138.0,72384.09,-0.005420209779770755,0.19999999999999998,0.0014960215143197519,-0.006404252959605274,False,
2024-10-31 16:00:00,2024-10-31 19:00:00,early_exit,36,70530.01,70639.99,-0.0004417813234228798,0.19999999999999998,0.005947822777850166,-0.0060089315172363895,False,
2024-11-01 13:15:00,2024-11-01 19:45:00,signal_exit_th,78,70335.0,69105.02,0.015520460817681077,0.19999999999999998,0.02153778346484681,-0.018453828108338625,False,
2024-11-02 17:30:00,2024-11-02 20:30:00,early_exit,36,69439.9,69503.99,-0.0010768896684628703,0.19999999999999998,0.001848072937893081,-0.003238771945236013,False,
2024-11-03 16:40:00,2024-11-03 19:40:00,early_exit,36,68232.09,68640.0,0.003968325502811682,0.19999999999999998,0.0067669039597057805,-0.008278802539977745,False,
2024-11-04 17:35:00,2024-11-04 20:35:00,early_exit,36,67776.86,67528.01,-0.005662273213912498,0.19999999999999998,0.004767703903662687,-0.004600242619678657,False,
2024-11-05 16:20:00,2024-11-05 22:05:00,signal_exit_th,69,69969.7,69090.5,0.01058859307215367,0.19999999999999998,0.017678080654911957,-0.008692476886423786,False,
2024-11-06 01:25:00,2024-11-06 05:15:00,early_exit,46,71047.99,73985.04,0.03925836244287452,0.19999999999999998,0.05562451520444132,-0.0024207581382668986,False,
2024-11-06 06:15:00,2024-11-06 09:15:00,signal_exit_th,36,74915.75,73651.0,0.014914094173128513,0.22383170150125073,0.030159746114802325,-0.00655870094072349,False,
2024-11-07 15:50:00,2024-11-07 18:50:00,early_exit,36,75938.1,76544.75,0.005974779940022603,0.19999999999999998,0.009743330423068254,-0.005042659745239972,False,
2024-11-08 14:55:00,2024-11-08 21:20:00,signal_exit_th,77,75752.0,76472.02,-0.011525994523407109,0.19999999999999998,0.0015265603548421088,-0.019114874854789382,False,
2024-11-10 02:55:00,2024-11-10 09:50:00,signal_exit_th,83,77033.99,79368.0,-0.032361103129863684,0.19999999999999998,0.0006303710868411752,-0.035763044339258566,False,
2024-11-11 20:00:00,2024-11-12 00:05:00,signal_exit_th,49,86290.01,88171.16,-0.02384596825100429,0.19999999999999998,0.0005370262444053084,-0.037553941643997946,False,
2024-11-12 10:40:00,2024-11-12 13:45:00,signal_exit_th,37,86261.3,85079.99,0.011719968162892173,0.19999999999999998,0.013787179186958728,-0.018541918566031313,False,
2024-11-13 14:00:00,2024-11-13 21:15:00,signal_exit_th,87,88909.06,88136.0,0.006710357207145652,0.19999999999999998,0.009729942032904204,-0.049000405582963105,False,
2024-11-14 14:45:00,2024-11-14 18:10:00,signal_exit_th,41,88909.36,89616.02,-0.009966008657035225,0.19999999999999998,0.015550893629197144,-0.009738907129688085,False,
2024-11-18 09:15:00,2024-11-18 13:25:00,signal_exit_th,50,91897.29,89687.48,0.022092658940056843,0.19999999999999998,0.026521891994856363,-0.0034244753028082947,False,
2024-11-18 16:05:00,2024-11-18 19:05:00,early_exit,36,92012.0,90314.76,-0.020407002031572755,0.19999999999999998,0.0018456288310221166,-0.020779898274138155,False,
2024-11-19 14:10:00,2024-11-19 19:50:00,signal_exit_th,68,91724.55,93286.49,-0.019064685950923057,0.19999999999999998,0.00622199836357885,-0.023777276639678165,False,
2024-11-20 13:30:00,2024-11-20 19:50:00,signal_exit_th,76,94424.0,93953.57,0.0029900741841561557,0.19999999999999998,0.013619418791832585,-0.004320617639583169,False,
2024-11-21 06:20:00,2024-11-21 09:55:00,signal_exit_th,43,97281.53,97613.24,-0.005418622650177348,0.19999999999999998,0.005731509362568541,-0.004299171692714906,False,
2024-11-22 08:05:00,2024-11-22 11:05:00,signal_exit_th,36,99151.98,98532.54,0.004257884286906472,0.19999999999999998,0.009401123406713608,-0.00012122803800795582,False,
2024-11-24 13:05:00,2024-11-24 17:35:00,signal_exit_th,54,97131.91,95944.01,0.010252242542125504,0.19999999999999998,0.014383944473036713,-0.004886241812808999,False,
2024-11-25 00:20:00,2024-11-25 04:15:00,signal_exit_th,47,97740.01,97751.88,-0.00212368977105138,0.19999999999999998,0.008717105717504989,-0.0031715773305118883,False,
2024-11-25 14:55:00,2024-11-25 18:50:00,signal_exit_th,47,95385.49,95047.61,0.0015473474476516754,0.19999999999999998,0.009021183410600556,-0.011684271895022972,False,
2024-11-26 08:30:00,2024-11-26 11:30:00,signal_exit_th,36,92400.08,91728.91,0.005276278316409735,0.19999999999999998,0.009472827296253511,-0.014609511160596379,False,
2024-11-26 19:10:00,2024-11-26 22:10:00,signal_exit_th,36,92384.01,92133.99,0.0007097285295102549,0.19999999999999998,0.01724226952261532,-0.0004760564084630065,False,
2024-11-27 19:45:00,2024-11-27 22:45:00,signal_exit_th,36,96428.58,96037.38,0.0020630084252300377,0.19999999999999998,0.004056888528276545,-0.008085051133180688,False,
2024-11-29 16:35:00,2024-11-29 20:30:00,signal_exit_th,47,97979.53,97482.87,0.0030771641698944525,0.19999999999999998,0.011489236578293363,-0.001512050527288651,False,
2024-12-01 10:40:00,2024-12-01 15:00:00,signal_exit_th,52,96768.0,97160.91,-0.0060704606516239065,0.19999999999999998,0.0011069775132274652,-0.0064151372354497235,False,
2024-12-02 02:45:00,2024-12-02 06:30:00,signal_exit_th,45,97563.4,96250.79,0.011478850939242807,0.19999999999999998,0.015235221404748034,-0.0010167747331480007,False,
2024-12-03 07:45:00,2024-12-03 10:45:00,signal_exit_th,36,95456.0,95372.0,-0.0011202536764052921,0.19999999999999998,0.0031218571907475697,-0.0021679098223265415,False,
2024-12-03 15:25:00,2024-12-03 18:25:00,early_exit,36,95879.99,95403.46,-0.006958139062137002,0.19999999999999998,0.0030246144164178573,-0.01063819468483471,False,
2024-12-04 17:55:00,2024-12-04 21:30:00,signal_exit_th,43,95546.62,98121.15,0.02489343679822212,0.19999999999999998,0.036143403084274515,-0.0010007680020496313,False,
2024-12-05 04:55:00,2024-12-05 08:40:00,signal_exit_th,45,103339.96,102535.26,0.005800507414597549,0.19999999999999998,0.01950649100309312,-0.0011144769167706107,False,
2024-12-05 18:40:00,2024-12-05 21:40:00,early_exit,36,101164.01,98995.34,-0.023392339697812223,0.19999999999999998,0.0,-0.032383156816342046,False,
2024-12-06 17:55:00,2024-12-06 23:55:00,signal_exit_th,72,100844.05,99740.84,0.008959662356268385,0.19999999999999998,0.017760294236496887,-0.010461103059625255,False,
2024-12-07 19:40:00,2024-12-08 00:40:00,signal_exit_th,60,100182.77,99875.99,0.001066331746148235,0.19999999999999998,0.005865878933074055,-0.002559422144147032,False,
2024-12-09 18:15:00,2024-12-09 21:15:00,early_exit,36,98066.94,96923.98,-0.013629611627469188,0.19999999999999998,0.001968655287908419,-0.03994098316925153,False,
2024-12-10 20:05:00,2024-12-10 23:05:00,early_exit,36,96128.7,96913.74,0.006152232931956401,0.19999999999999998,0.01115171639687211,-0.0037522612913728896,False,
2024-12-11 17:45:00,2024-12-11 20:45:00,signal_exit_th,36,100373.78,101404.2,-0.012288382597640625,0.19999999999999998,0.007626991829938087,-0.012960954544105067,False,
2024-12-12 15:15:00,2024-12-12 20:50:00,signal_exit_th,67,101100.99,99871.03,0.010188010997696496,0.19999999999999998,0.017698639746257735,-0.014233391779843053,False,
2024-12-13 15:45:00,2024-12-13 18:45:00,early_exit,36,100538.67,101545.45,0.007995848642238726,0.19999999999999998,0.01349321609287249,-0.008341765412253795,False,
2024-12-13 19:45:00,2024-12-13 23:30:00,signal_exit_th,45,101420.52,101250.0,-0.00031731944090503865,0.19999999999999998,0.0032500326363936005,-0.004530246936221505,False,
2024-12-14 17:45:00,2024-12-14 20:45:00,signal_exit_th,36,101052.01,100820.0,0.000298540901444182,0.19999999999999998,0.0023355299909422365,-0.0035601468986120053,False,
2024-12-15 02:05:00,2024-12-15 07:00:00,signal_exit_th,59,101971.11,101855.59,-0.0008668641058736744,0.19999999999999998,0.002439906753981622,-0.008619009835236661,False,
2024-12-15 14:00:00,2024-12-15 17:45:00,signal_exit_th,45,102700.05,103229.6,-0.007168602798790013,0.19999999999999998,0.0011333976955221418,-0.0076918170925914554,False,
2024-12-16 02:30:00,2024-12-16 05:30:00,signal_exit_th,36,104783.98,104894.91,-0.0030627756248600498,0.19999999999999998,0.005005536151614016,-0.0020615746796409534,False,
2024-12-16 14:55:00,2024-12-16 17:55:00,early_exit,36,105487.0,107078.55,0.013059493996007535,0.19999999999999998,0.01619706693715815,-0.0022139220946656326,False,
2024-12-16 18:55:00,2024-12-16 21:55:00,signal_exit_th,36,107078.6,106057.77,0.007550548215349668,0.19999999999999998,0.01297803669454039,-9.338934198580585e-08,False,
2024-12-17 19:30:00,2024-12-17 22:30:00,signal_exit_th,36,106507.17,106018.11,0.00259899433560696,0.2465937153908632,0.007109098852218102,-0.0037257585569122433,False,
2024-12-18 14:40:00,2024-12-18 18:20:00,signal_exit_th,44,104489.44,104666.76,-0.0037024130195649737,0.19999999999999998,0.010613608418228764,-0.004886043986837269,False,
2024-12-20 11:15:00,2024-12-20 14:15:00,early_exit,36,94141.45,94981.45,0.00690691372532366,0.19999999999999998,0.017655559798579797,-0.020277040559710982,False,
2024-12-21 10:20:00,2024-12-21 13:20:00,signal_exit_th,36,98422.14,96881.86,0.013679059633557368,0.19999999999999998,0.017482651769205517,-0.001408829354858607,False,
2024-12-24 14:15:00,2024-12-24 17:15:00,early_exit,36,96231.99,98883.95,0.025504924821046087,0.19999999999999998,0.028625408245220668,0.0,False,
2024-12-24 18:15:00,2024-12-24 21:55:00,signal_exit_th,44,99112.63,98397.96,0.005223119264286298,0.19999999999999998,0.018793064012124435,-0.001302760304110539,False,
2024-12-25 12:25:00,2024-12-25 15:30:00,signal_exit_th,37,98152.47,98475.13,-0.005295917743154278,0.19999999999999998,0.0014960397838179366,-0.006932275876501103,False,
2024-12-26 17:25:00,2024-12-26 20:25:00,signal_exit_th,36,95947.2,95542.17,0.0022278334790841996,0.19999999999999998,0.0052399653142561195,-0.0026850184268015108,False,
2024-12-28 22:40:00,2024-12-29 03:55:00,signal_exit_th,63,95143.26,95172.4,-0.0023088901445601894,0.19999999999999998,0.0035237388334180978,-0.0062088475841589885,False,
2024-12-30 16:05:00,2024-12-30 19:25:00,signal_exit_th,40,92041.91,94143.62,0.020790646990494314,0.19999999999999998,0.02870627087160613,-0.0026282592353853097,False,
2024-12-31 12:15:00,2024-12-31 19:15:00,signal_exit_th,84,94400.55,94035.65,0.0018711802043572645,0.19999999999999998,0.012827891362921152,-0.01959151721043995,False,
2025-01-02 14:45:00,2025-01-02 20:00:00,signal_exit_th,63,97131.0,97679.99,-0.007665374963045154,0.19999999999999998,0.01123184153359902,-0.006650811790262635,False,
2025-01-03 16:45:00,2025-01-03 22:20:00,signal_exit_th,67,98024.6,98463.85,-0.0064919910392373876,0.19999999999999998,0.003104220777233553,-0.009715010313737548,False,
2025-01-06 06:45:00,2025-01-06 09:45:00,signal_exit_th,36,99588.92,99057.24,0.0033474326984087276,0.19999999999999998,0.005913509253840671,-0.0003692177804519225,False,
2025-01-06 15:10:00,2025-01-06 18:10:00,early_exit,36,101253.83,101945.76,0.004821962466329985,0.19999999999999998,0.012109862905926604,-0.0025917044323162716,False,
2025-01-06 19:10:00,2025-01-06 22:10:00,signal_exit_th,36,101921.58,101711.59,6.243224637213691e-05,0.20760750377962453,0.0031546802943988785,-0.004007002246236706,False,
2025-01-09 03:05:00,2025-01-09 06:05:00,signal_exit_th,36,94334.11,94363.63,-0.0023155587748289936,0.19999999999999998,0.005693804711784479,-0.002464962037591692,False,
2025-01-09 14:40:00,2025-01-09 19:00:00,signal_exit_th,52,92216.29,92935.18,-0.009813303228924227,0.19999999999999998,0.00037509641734661533,-0.02677357764013285,False,
2025-01-10 11:00:00,2025-01-10 18:35:00,signal_exit_th,91,95185.67,94795.46,0.0021056667384837554,0.19999999999999998,0.031303556512235445,-0.006832225901230739,False,
2025-01-13 00:50:00,2025-01-13 03:50:00,early_exit,36,95492.04,94156.44,-0.015956563031272034,0.19999999999999998,0.00032463438837415144,-0.01667207025842142,False,
2025-01-13 12:35:00,2025-01-13 16:50:00,signal_exit_th,51,90426.27,91544.82,0.01034702931718048,0.19999999999999998,0.029568066890296323,-0.012934073251058588,False,
2025-01-13 19:30:00,2025-01-14 01:55:00,signal_exit_th,77,92137.47,94834.5,-0.03133240861572231,0.19999999999999998,0.002488347031886203,-0.031514865776106044,False,
2025-01-15 04:15:00,2025-01-15 07:15:00,signal_exit_th,36,97087.01,97329.63,-0.004506000484659275,0.19999999999999998,0.0034712161802077823,-0.003542698451626141,False,
2025-01-15 15:20:00,2025-01-15 18:20:00,early_exit,36,99332.13,99123.41,-0.004095037237485674,0.19999999999999998,0.004709956385713175,-0.0073498876949482685,False,
2025-01-16 00:40:00,2025-01-16 03:40:00,signal_exit_th,36,99848.19,99457.55,0.001918169831478913,0.19999999999999998,0.0067922112559076165,-0.003523448947847704,False,
2025-01-16 15:05:00,2025-01-16 20:10:00,signal_exit_th,61,98074.23,100413.92,-0.02590608020954002,0.19999999999999998,0.0034280156979055263,-0.025735404703151995,False,
2025-01-17 14:45:00,2025-01-17 19:40:00,signal_exit_th,59,102666.56,105634.32,-0.03096665671977443,0.19999999999999998,0.0012593194902020054,-0.03025736909856528,False,
2025-01-18 17:05:00,2025-01-18 20:05:00,signal_exit_th,36,103479.04,104471.96,-0.01161658508885555,0.19999999999999998,9.663792778480851e-08,-0.009740040108605564,False,
2025-01-20 07:05:00,2025-01-20 10:05:00,early_exit,36,108572.21,107986.63,-0.007380687033058478,0.19999999999999998,0.0057198798845486285,-0.015189982777360857,False,
2025-01-20 11:05:00,2025-01-20 14:05:00,signal_exit_th,36,107976.96,107953.41,-0.0017834632771930408,0.3533350893720949,0.023190225025783363,-0.0066963359590785695,False,
2025-01-21 14:55:00,2025-01-21 20:30:00,signal_exit_th,67,103260.91,106380.47,-0.03227294737102271,0.19999999999999998,0.00443033089675474,-0.03854217438138008,False,
2025-01-23 14:50:00,2025-01-23 17:50:00,early_exit,36,105128.39,105992.0,0.006200397173663331,0.19999999999999998,0.01637626144564756,-0.023636812092337704,False,
2025-01-23 18:50:00,2025-01-23 22:20:00,signal_exit_th,42,105458.26,104137.47,0.010547363256103118,0.19999999999999998,0.030936979237093404,-0.009129393942209971,False,
2025-01-24 16:05:00,2025-01-24 21:45:00,signal_exit_th,68,105984.62,105231.78,0.005115513607217325,0.19999999999999998,0.01177321766120404,-0.010712686425634254,False,
2025-01-26 18:30:00,2025-01-27 02:30:00,time_stop,96,105229.5,101120.89,0.03712044413188098,0.19999999999999998,0.041758727353071144,-9.978190526420823e-05,False,
2025-01-27 16:00:00,2025-01-27 19:00:00,signal_exit_th,36,101044.01,99586.24,0.012453960884451594,0.19999999999999998,0.021574856342300695,-0.001187502356646428,False,
2025-01-29 20:20:00,2025-01-30 01:50:00,signal_exit_th,66,104170.0,104266.72,-0.002932343113969293,0.19999999999999998,0.00855774215225119,-0.00588153979072663,False,
2025-01-30 15:10:00,2025-01-30 18:10:00,early_exit,36,106236.47,105215.69,-0.01158736880885781,0.19999999999999998,9.412963358780004e-08,-0.012578825331828154,False,
2025-01-30 19:10:00,2025-01-30 22:10:00,signal_exit_th,36,105472.86,105091.28,0.0016230435682417364,0.2008965593478984,0.006330633302254309,-0.003306632625682045,False,
2025-01-31 17:35:00,2025-01-31 21:15:00,signal_exit_th,44,104742.39,101720.48,0.026906636323606858,0.19999999999999998,0.029970291875142465,-0.0007741851221840223,False,
2025-02-03 15:15:00,2025-02-03 18:15:00,early_exit,36,96999.29,99298.0,0.02165286361995435,0.19999999999999998,0.026079675428552173,7.319641205687205e-06,False,
2025-02-04 16:35:00,2025-02-04 19:35:00,signal_exit_th,36,99452.72,100220.01,-0.009732571021291925,0.19999999999999998,0.006778497360353738,-0.013325025197903002,False,
2025-02-05 15:20:00,2025-02-05 20:00:00,signal_exit_th,56,98402.25,97525.03,0.0069304786698951735,0.19999999999999998,0.019331366914882537,-0.0015014900573919803,False,
2025-02-07 07:00:00,2025-02-07 10:00:00,signal_exit_th,36,96931.14,97346.22,-0.00629279019443428,0.19999999999999998,0.003279647799458401,-0.0047132428237200204,False,
2025-02-07 18:35:00,2025-02-07 21:35:00,early_exit,36,98338.15,95880.0,-0.026944969287793462,0.19999999999999998,0.0,-0.027637391998934266,False,
2025-02-08 05:40:00,2025-02-08 08:40:00,signal_exit_th,36,96281.61,96030.28,0.0006135874461091496,0.19999999999999998,0.005156955726020826,-0.0009123237552840725,False,
2025-02-10 01:40:00,2025-02-10 04:40:00,signal_exit_th,36,95546.09,96903.99,-0.016242443641409088,0.19999999999999998,0.003036126334421393,-0.016996090577856234,False,
2025-02-12 14:20:00,2025-02-12 18:35:00,signal_exit_th,51,94847.53,96919.67,-0.023892803253530954,0.19999999999999998,0.0036640911998446226,-0.030074267616668576,False,
2025-02-14 19:10:00,2025-02-14 23:15:00,signal_exit_th,49,98424.79,97272.12,0.00973261940432914,0.19999999999999998,0.017548729339427558,-0.00014427259636532263,False,
2025-02-15 14:20:00,2025-02-15 17:40:00,signal_exit_th,40,97560.2,97342.56,0.00023329185467011793,0.19999999999999998,0.00241081916601234,-0.0016607182027097533,False,
2025-02-16 18:40:00,2025-02-16 21:40:00,signal_exit_th,36,96849.23,97168.26,-0.005302685948572465,0.19999999999999998,0.0008892171884071287,-0.0044724155266903905,False,
2025-02-18 14:55:00,2025-02-18 19:30:00,signal_exit_th,55,95536.83,93834.99,0.0158471048512093,0.19999999999999998,0.022491221448314804,-0.0020300024608310985,False,
2025-02-19 15:05:00,2025-02-19 18:05:00,signal_exit_th,36,95675.74,96152.74,-0.006997573031345136,0.19999999999999998,0.0,-0.008406101693072817,False,
2025-02-20 14:40:00,2025-02-20 20:05:00,signal_exit_th,65,97729.11,98414.36,-0.009027768141403734,0.19999999999999998,0.009512928133695297,-0.008072211033130246,False,
2025-02-21 13:55:00,2025-02-21 20:25:00,signal_exit_th,78,99334.93,95250.88,0.0391942446382912,0.19999999999999998,0.042245361223891616,-0.0004554289211257837,False,
2025-02-24 01:45:00,2025-02-24 05:20:00,signal_exit_th,43,95787.05,95429.98,0.0017332091236654244,0.19999999999999998,0.007402253227341359,-0.004311125564468235,False,
2025-02-25 07:30:00,2025-02-25 11:25:00,signal_exit_th,47,89000.0,87738.02,0.012205936048407863,0.19999999999999998,0.023729213483146,-0.011235955056179775,False,
2025-02-27 14:45:00,2025-02-27 17:45:00,signal_exit_th,36,85434.01,84516.98,0.008753268596860176,0.19999999999999998,0.012629279604223203,-0.00832818218412093,False,
2025-02-28 14:55:00,2025-02-28 17:55:00,signal_exit_th,36,82105.05,83605.12,-0.020308709605774567,0.19999999999999998,0.0013006508125871447,-0.034284736444347784,False,
2025-03-01 02:35:00,2025-03-01 05:35:00,early_exit,36,85294.83,85905.68,0.005149318894477847,0.19999999999999998,0.014809455625856787,-0.003908677700629679,False,
2025-03-02 01:50:00,2025-03-02 04:50:00,signal_exit_th,36,86280.01,85797.15,0.003605631639749854,0.19999999999999998,0.008671069926857906,-0.0025265411999836956,False,
2025-03-02 16:15:00,2025-03-02 19:30:00,early_exit,39,89370.23,93158.64,0.040307369144611804,0.19999999999999998,0.06299379558495043,-0.006634200225287484,False,
2025-03-03 14:50:00,2025-03-03 20:05:00,signal_exit_th,63,90183.0,85722.0,0.04756311482634627,0.19999999999999998,0.05393477706441347,-0.012463546344654757,False,
2025-03-04 01:55:00,2025-03-04 06:00:00,signal_exit_th,49,83380.55,84284.28,-0.012862319777181873,0.19999999999999998,0.010982297430276082,-0.014404438445176996,False,
2025-03-04 14:40:00,2025-03-04 19:50:00,signal_exit_th,62,84091.16,88304.43,-0.0522059113662558,0.19999999999999998,0.03081370265316834,-0.052285519666989966,False,
2025-03-05 10:40:00,2025-03-05 13:40:00,early_exit,36,89975.0,89120.0,-0.011481655327167982,0.19999999999999998,0.010656515698805302,-0.009685801611558721,False,
2025-03-07 00:45:00,2025-03-07 03:45:00,signal_exit_th,36,85524.28,86800.0,-0.01694833062346477,0.19999999999999998,0.010023469358642949,-0.04045073515965296,False,
2025-03-10 14:10:00,2025-03-10 17:10:00,signal_exit_th,36,80162.28,78599.02,0.01753823125545582,0.19999999999999998,0.022333197109663035,-0.01192630748526624,False,
2025-03-11 17:10:00,2025-03-11 20:10:00,early_exit,36,81359.31,82842.32,0.016193486389214615,0.19999999999999998,0.027754537249639857,-0.0071480448887779125,False,
2025-03-12 14:10:00,2025-03-12 17:10:00,signal_exit_th,36,82480.9,82455.99,-0.0016993880650801015,0.19999999999999998,0.022711318620432127,-0.003424792891445298,False,
2025-03-13 12:45:00,2025-03-13 16:15:00,signal_exit_th,42,82697.5,80989.23,0.018696204835689133,0.19999999999999998,0.022316273164243176,-0.005007890202243108,False,
2025-03-14 03:20:00,2025-03-14 06:20:00,signal_exit_th,36,82012.68,81924.53,-0.0009250163886009163,0.19999999999999998,0.0037033297777854185,-0.002503881107165451,False,
2025-03-14 14:10:00,2025-03-14 17:10:00,signal_exit_th,36,82995.17,84556.92,-0.020857034489153048,0.19999999999999998,0.004272296809561349,-0.027887646955841023,False,
2025-03-14 18:35:00,2025-03-14 21:45:00,signal_exit_th,38,84617.71,84162.45,0.003388966761291538,0.19999999999999998,0.010636307694925849,-0.003684098754267761,False,
2025-03-18 14:00:00,2025-03-18 18:50:00,signal_exit_th,58,81376.02,81812.26,-0.0073735273402201415,0.19999999999999998,0.0027740358891969064,-0.010284479383484089,False,
2025-03-19 01:00:00,2025-03-19 04:00:00,signal_exit_th,36,83028.2,82962.8,-0.0012127408722782385,0.19999999999999998,0.005793694190648402,-0.0006600167172117776,False,
2025-03-19 16:20:00,2025-03-19 23:10:00,signal_exit_th,82,84700.0,86330.83,-0.021294740194740255,0.19999999999999998,0.013242975206611487,-0.021251475796930343,False,
2025-03-20 18:25:00,2025-03-20 21:25:00,early_exit,36,83978.26,84424.97,0.0033107228139610347,0.19999999999999998,0.007513254025506264,-0.0006699352903953329,False,
2025-03-21 16:40:00,2025-03-21 19:40:00,signal_exit_th,36,83836.75,83873.63,-0.0024427852364885794,0.19999999999999998,0.0014975532806317385,-0.0071462693866352804,False,
2025-03-22 21:20:00,2025-03-23 00:35:00,signal_exit_th,39,84024.58,84018.14,-0.001925204320979406,0.19999999999999998,0.004754323080222429,-0.0005375807888596201,False,
2025-03-23 11:15:00,2025-03-23 14:15:00,early_exit,36,84842.49,84987.36,-0.00029389654977021967,0.19999999999999998,0.00438294538503055,-0.0031716419449736924,False,
2025-03-23 15:15:00,2025-03-23 19:20:00,signal_exit_th,49,85086.95,84995.62,-0.0009264805167114149,0.20227510322690617,0.003372432552817995,-0.003832550114911932,False,
2025-03-24 18:15:00,2025-03-24 23:35:00,signal_exit_th,64,88408.11,87291.13,0.010657653273924499,0.19999999999999998,0.015355039260538368,-0.0014465867441346661,False,
2025-03-25 13:45:00,2025-03-25 21:45:00,time_stop,96,87128.64,87868.03,-0.010505179146282606,0.19999999999999998,0.0009775201357440934,-0.016194330589803827,False,
2025-03-27 15:15:00,2025-03-27 18:15:00,early_exit,36,87482.04,87065.0,-0.006755627143080368,0.19999999999999998,0.0006714521060551999,-0.008338397229877035,False,
2025-03-29 01:40:00,2025-03-29 05:05:00,signal_exit_th,41,84296.48,84006.99,0.0014390617240225168,0.19999999999999998,0.006961263388459372,-0.0015071803709953598,False,
2025-03-31 16:30:00,2025-03-31 20:30:00,signal_exit_th,48,83540.68,82763.99,0.007313758115522904,0.19999999999999998,0.0140731437666056,-0.0003030858738521998,False,
2025-04-01 12:05:00,2025-04-01 15:20:00,signal_exit_th,39,84084.41,84884.85,-0.011540541696607492,0.19999999999999998,0.018319805062555632,-0.013591818031428187,False,
2025-04-01 18:40:00,2025-04-01 21:40:00,signal_exit_th,36,85136.28,85360.74,-0.004643759069252129,0.19999999999999998,0.004260228424356773,-0.004000409696077885,False,
2025-04-02 14:00:00,2025-04-02 19:40:00,signal_exit_th,68,85757.0,86406.0,-0.009585048275767406,0.19999999999999998,0.005772123558426718,-0.01837750854157678,False,
2025-04-02 20:40:00,2025-04-02 23:40:00,signal_exit_th,36,85369.99,82658.74,0.029820397507801414,0.19999999999999998,0.035726723172862095,-0.0056929841505193425,False,
2025-04-04 08:35:00,2025-04-04 11:35:00,early_exit,36,84476.18,82247.59,-0.028326575007899774,0.19999999999999998,0.002886257404158273,-0.03334880909624457,False,
2025-04-07 15:45:00,2025-04-07 19:55:00,signal_exit_th,50,78785.55,78130.44,0.006329748319364518,0.19999999999999998,0.01868807160703969,-0.007360613716601629,False,
2025-04-08 15:10:00,2025-04-08 18:15:00,signal_exit_th,37,78343.37,77416.01,0.009858817574390666,0.19999999999999998,0.022802057149188242,-0.004288301613780546,False,
2025-04-09 18:50:00,2025-04-09 22:30:00,signal_exit_th,44,82050.38,83239.99,-0.01652955935885525,0.19999999999999998,0.0034002280062567073,-0.018739949772322753,False,
2025-04-10 14:20:00,2025-04-10 17:40:00,signal_exit_th,40,81436.01,79390.01,0.02317231702585912,0.19999999999999998,0.03649061391883019,-0.004980229262214676,False,
2025-04-11 12:10:00,2025-04-11 16:10:00,signal_exit_th,48,82006.01,82281.91,-0.00537312507398616,0.19999999999999998,0.008106600967416822,-0.016181618883786754,False,
2025-04-12 14:10:00,2025-04-12 17:10:00,early_exit,36,84496.88,84428.03,-0.0028111969652297214,0.19999999999999998,0.010722526086170157,-0.0019966417694949968,False,
2025-04-13 00:00:00,2025-04-13 03:35:00,signal_exit_th,43,85285.16,85520.78,-0.004770264519322867,0.19999999999999998,0.006569138171283257,-0.009554299950894112,False,
2025-04-13 21:35:00,2025-04-14 00:35:00,signal_exit_th,36,83065.06,84984.8,-0.02515955252111711,0.19999999999999998,0.00023921008423993608,-0.024855577062124615,False,
2025-04-14 14:40:00,2025-04-14 17:40:00,signal_exit_th,36,85506.96,84601.34,0.008610386194854375,0.19999999999999998,0.02102413651473525,-0.003426972494402781,False,
2025-04-15 14:05:00,2025-04-15 18:50:00,signal_exit_th,57,85702.07,84213.17,0.015405754669228779,0.19999999999999998,0.018090461525608587,-0.0032504465761444548,False,
2025-04-16 14:00:00,2025-04-16 20:55:00,signal_exit_th,83,83982.87,84295.99,-0.005737845595664408,0.19999999999999998,0.008428742670975585,-0.018064755348322876,False,
2025-04-17 16:10:00,2025-04-17 19:10:00,early_exit,36,84602.0,84932.91,0.0019055563240098045,0.19999999999999998,0.010259922933263927,-0.00027966241932818954,False,
2025-04-19 16:45:00,2025-04-19 19:45:00,signal_exit_th,36,84713.95,85102.0,-0.00659188214425583,0.19999999999999998,1.1804431259268764e-07,-0.007163046936189349,False,
2025-04-20 21:05:00,2025-04-21 02:40:00,signal_exit_th,67,84985.06,87165.77,-0.027713295090290763,0.19999999999999998,0.003710416866211564,-0.031240079138615685,False,
2025-04-21 14:35:00,2025-04-21 17:35:00,early_exit,36,88317.32,87014.41,-0.016721125199847253,0.19999999999999998,0.0009361697116714254,-0.021825164078801394,False,
2025-04-21 18:35:00,2025-04-21 21:35:00,signal_exit_th,36,87010.0,87237.48,-0.004621648196869284,0.2015253160334585,0.003419147224456959,-0.005493621422824962,False,
2025-04-22 05:15:00,2025-04-22 08:15:00,signal_exit_th,36,88098.83,88544.15,-0.007066899362517779,0.19999999999999998,0.0011218083145939821,-0.006687603002219192,False,
2025-04-22 14:45:00,2025-04-22 17:45:00,early_exit,36,90698.31,91284.27,0.004449629173397407,0.19999999999999998,0.008171596582119432,-0.0034672090361992543,False,
2025-04-24 15:05:00,2025-04-24 19:50:00,signal_exit_th,57,93356.81,93621.72,-0.004845290567135567,0.19999999999999998,0.007393033245244801,-0.003026024561036308,False,
2025-04-25 01:20:00,2025-04-25 04:20:00,signal_exit_th,36,93772.2,93395.44,0.0020238635986159783,0.19999999999999998,0.009770912914488417,-0.0013371766898931604,False,
2025-04-25 12:15:00,2025-04-25 19:20:00,signal_exit_th,85,94753.63,94932.99,-0.003898700620082252,0.19999999999999998,0.008698558567096597,-0.010600227136416715,False,
2025-04-27 01:35:00,2025-04-27 04:35:00,signal_exit_th,36,94500.63,94105.19,0.00219089778789016,0.19999999999999998,0.004857427934607407,-0.0004414785382912385,False,
2025-04-27 23:05:00,2025-04-28 02:35:00,signal_exit_th,42,93725.18,93458.71,0.0008467892563712529,0.19999999999999998,0.009871093339057854,-0.0017318718406303087,False,
2025-04-28 10:40:00,2025-04-28 15:45:00,signal_exit_th,61,95187.67,93630.0,0.01439495842846607,0.19999999999999998,0.016848505694067352,-0.004646925384348643,False,
2025-04-29 18:05:00,2025-04-29 22:20:00,signal_exit_th,51,95073.09,94094.0,0.008316902539126661,0.19999999999999998,0.011286895166655483,-0.003952222442754306,False,
2025-04-30 13:55:00,2025-04-30 17:40:00,signal_exit_th,45,93032.58,94267.14,-0.015298758811192768,0.19999999999999998,0.0013176029300703232,-0.014351101517339359,False,
2025-05-01 13:35:00,2025-05-01 20:45:00,signal_exit_th,86,96186.0,96493.55,-0.0052058540773115,0.19999999999999998,0.004328488553427697,-0.012871103902854928,False,
2025-05-07 02:55:00,2025-05-07 05:55:00,signal_exit_th,36,96619.05,96380.96,0.00046714519678192656,0.19999999999999998,0.004253302014457781,-0.0009856234355439836,False,
2025-05-07 13:45:00,2025-05-07 17:20:00,signal_exit_th,43,96895.94,96714.28,-0.00012345390510872786,0.19999999999999998,0.0039830358217279515,-0.0060098493290843946,False,
2025-05-08 02:30:00,2025-05-08 06:05:00,signal_exit_th,43,98637.4,98857.11,-0.0042339126146080765,0.19999999999999998,0.0010683574384563067,-0.007923972043058778,False,
2025-05-08 15:40:00,2025-05-08 18:55:00,early_exit,39,101269.85,101365.38,-0.0010565655204212586,0.19999999999999998,0.004316882072996042,-0.006654004128573369,False,
2025-05-08 20:20:00,2025-05-09 03:20:00,signal_exit_th,84,101379.17,102698.42,-0.015041082329263922,0.19999999999999998,9.863959228272741e-08,-0.027289530975643187,False,
2025-05-09 07:50:00,2025-05-09 10:50:00,early_exit,36,103819.45,103374.89,-0.006271495724194612,0.19999999999999998,0.001064829374457319,-0.013470019346085894,False,
2025-05-09 12:10:00,2025-05-09 15:10:00,signal_exit_th,36,102950.9,103106.87,-0.0035200290639534064,0.19999999999999998,0.005234631265972313,-0.008186038198791943,False,
2025-05-10 07:05:00,2025-05-10 11:40:00,signal_exit_th,55,103876.0,103463.26,0.0019793440866643273,0.19999999999999998,0.004909700026955216,-0.001957815087219332,False,
2025-05-11 01:35:00,2025-05-11 04:50:00,signal_exit_th,39,104475.29,104149.99,0.001117886454409386,0.19999999999999998,0.009660083259878873,-9.571641303233737e-08,False,
2025-05-13 14:35:00,2025-05-13 17:35:00,signal_exit_th,36,103220.81,103890.35,-0.00850147066941925,0.19999999999999998,0.0030618825796852682,-0.011371737927652408,False,
2025-05-13 21:35:00,2025-05-14 00:35:00,signal_exit_th,36,104463.96,103914.6,0.0032673733865992245,0.19999999999999998,0.006701928588577348,-0.0002488896649141005,False,
2025-05-14 12:50:00,2025-05-14 18:35:00,signal_exit_th,69,104025.81,103252.54,0.005446323448077016,0.19999999999999998,0.013686603353533078,-0.0031832484649722934,False,
2025-05-16 14:50:00,2025-05-16 19:45:00,signal_exit_th,59,103557.06,103720.0,-0.0035785840931333666,0.19999999999999998,0.00016474009594321886,-0.009591523745459789,False,
2025-05-18 09:55:00,2025-05-18 13:30:00,signal_exit_th,43,103868.48,103979.99,-0.0030777204802474173,0.19999999999999998,0.0016085726873061178,-0.0012563965507149041,False,
2025-05-18 14:30:00,2025-05-18 17:30:00,early_exit,36,104969.99,105555.59,0.0035695889870972666,0.19999999999999998,0.009621892885766634,-0.0006647614237173771,False,
2025-05-18 18:30:00,2025-05-18 21:30:00,signal_exit_th,36,104650.0,104328.76,0.001073804239021698,0.4117202505379105,0.013036693741041506,-0.0010692785475393614,False,
2025-05-20 03:25:00,2025-05-20 06:25:00,signal_exit_th,36,106097.61,105486.74,0.0037671473969615394,0.19999999999999998,0.006754063545823478,-0.002840686043728972,False,
2025-05-21 08:20:00,2025-05-21 11:20:00,signal_exit_th,36,106423.56,106590.42,-0.0035730268206985707,0.19999999999999998,0.003040210269229886,-0.002989469624959067,False,
2025-05-22 03:50:00,2025-05-22 06:50:00,signal_exit_th,36,111667.51,110638.63,0.0072302251679224406,0.19999999999999998,0.009641210769363449,-0.0019028811513752322,False,
2025-05-23 12:00:00,2025-05-23 17:20:00,signal_exit_th,64,108642.3,109809.53,-0.012767300571682487,0.2267558456656014,0.012207952151233938,-0.012430241259619845,False,
2025-05-26 00:15:00,2025-05-26 03:20:00,signal_exit_th,37,108952.69,109559.07,-0.007578679126485915,0.19999999999999998,0.0025892889840535426,-0.008189058939251533,False,
2025-05-26 10:55:00,2025-05-26 13:55:00,signal_exit_th,36,109643.56,109595.65,-0.0015641658361941818,0.19999999999999998,0.001357307259997691,-0.004044013164111132,False,
2025-05-27 14:35:00,2025-05-27 20:00:00,signal_exit_th,65,109358.43,109857.15,-0.006571548569545343,0.19999999999999998,0.003183110803620638,-0.010435500948578052,False,
2025-05-30 16:50:00,2025-05-30 19:50:00,signal_exit_th,36,103880.86,104611.18,-0.009046438312041277,0.19999999999999998,0.0004315520683983724,-0.010667123857080126,False,
2025-05-31 17:00:00,2025-05-31 20:00:00,signal_exit_th,36,104412.0,104667.24,-0.004451442593035485,0.19999999999999998,0.0014424587212197887,-0.0032371758035474847,False,
2025-06-01 18:45:00,2025-06-01 21:45:00,signal_exit_th,36,104558.81,105401.18,-0.010074553960334588,0.19999999999999998,0.00018075951706024752,-0.008827281029690383,False,
2025-06-03 17:05:00,2025-06-03 20:05:00,signal_exit_th,36,105972.79,106046.77,-0.0027015033372798525,0.19999999999999998,0.00359167669361159,-0.004301009721457821,False,
2025-06-06 15:10:00,2025-06-06 19:55:00,signal_exit_th,57,105166.78,104219.8,0.0070205796141304495,0.19999999999999998,0.0109689580683177,-0.0015805371239853607,False,
2025-06-07 07:25:00,2025-06-07 10:25:00,signal_exit_th,36,104944.39,105148.4,-0.003949875808581209,0.19999999999999998,0.0024258562082261066,-0.002234612064541942,False,
2025-06-09 10:20:00,2025-06-09 13:20:00,early_exit,36,107263.21,107593.29,0.001073139537856175,0.19999999999999998,0.006775762164865228,-0.0021275701146740472,False,
2025-06-09 14:20:00,2025-06-09 17:20:00,signal_exit_th,36,107655.13,108294.04,-0.007948667981589603,0.20518987127336424,0.0013162401085764482,-0.006147222152813329,False,
2025-06-09 22:05:00,2025-06-10 03:30:00,signal_exit_th,65,109850.91,109405.12,0.002064259010059628,0.19999999999999998,0.004275522159989373,-0.005180567006682024,False,
2025-06-11 16:50:00,2025-06-11 19:50:00,signal_exit_th,36,109486.85,108725.86,0.004962428004921219,0.19999999999999998,0.009817069355817717,-0.0025756517791862676,False,
2025-06-12 19:55:00,2025-06-12 22:55:00,signal_exit_th,36,106788.8,105890.7,0.006424892934526973,0.19999999999999998,0.009946267773399539,-0.0016103748707729758,False,
2025-06-16 14:40:00,2025-06-16 18:00:00,early_exit,40,107635.01,107775.97,-0.0006910075392439465,0.19999999999999998,0.003558043056808386,-0.003039903094727237,False,
2025-06-18 17:35:00,2025-06-18 20:35:00,signal_exit_th,36,104093.53,104509.99,-0.006010836688977882,0.19999999999999998,0.0057018913663510005,-0.005884611656459368,False,
2025-06-20 12:20:00,2025-06-20 16:35:00,signal_exit_th,51,105932.77,103939.99,0.0168474017240551,0.19999999999999998,0.019378139550207164,-0.0020428050734441682,False,
2025-06-21 12:55:00,2025-06-21 16:05:00,signal_exit_th,38,103807.7,103522.1,0.0007547469845544503,0.19999999999999998,0.0050659055156793776,-0.0005710559043307851,False,
2025-06-23 14:40:00,2025-06-23 17:40:00,early_exit,36,101788.2,102374.16,0.0037471556012998375,0.19999999999999998,0.008859573113582939,-0.02136662206424709,False,
2025-06-25 14:15:00,2025-06-25 18:50:00,signal_exit_th,55,107477.99,107356.5,-0.0008693680252851443,0.19999999999999998,0.006751428827427873,-0.003769888141748771,False,
2025-06-27 08:00:00,2025-06-27 11:00:00,signal_exit_th,36,106971.88,107033.18,-0.0025761970401999555,0.19999999999999998,0.002728754510063848,-0.0017581255933801709,False,
2025-06-29 10:05:00,2025-06-29 13:05:00,early_exit,36,108158.63,108146.64,-0.002108636202189503,0.19999999999999998,0.003419699380437745,-0.0028570997986938633,False,
2025-06-29 14:05:00,2025-06-29 17:05:00,signal_exit_th,36,108149.99,107529.53,0.0037465159790182776,0.19999999999999998,0.007674434366568182,-0.0006022191957668244,False,
2025-06-30 03:05:00,2025-06-30 06:05:00,signal_exit_th,36,108480.57,108252.68,0.00010294855491566022,0.19999999999999998,0.0028769207241445267,-0.0006308042076105703,False,
2025-07-03 12:45:00,2025-07-03 16:35:00,signal_exit_th,46,108766.0,109319.5,-0.007101096462661667,0.19999999999999998,0.00014719673427352996,-0.016210764393284602,False,
2025-07-06 16:20:00,2025-07-06 20:00:00,signal_exit_th,44,108859.5,108611.54,0.00028035660166987624,0.19999999999999998,0.005445826960439849,-0.0009840206872160477,False,
2025-07-07 01:10:00,2025-07-07 04:10:00,signal_exit_th,36,108767.01,109327.67,-0.00716700968624781,0.19999999999999998,0.00034026861637545026,-0.008577876692574387,False,
2025-07-08 14:05:00,2025-07-08 17:50:00,signal_exit_th,45,108719.43,109099.98,-0.005509303887799796,0.19999999999999998,0.005729242693785188,-0.0035004782493801433,False,
2025-07-09 13:10:00,2025-07-09 16:10:00,early_exit,36,109707.9,109139.41,-0.007169499728285268,0.19999999999999998,0.00011758496881271751,-0.010982800691654788,False,
2025-07-09 20:15:00,2025-07-09 23:15:00,early_exit,36,111269.41,111449.99,-0.0003783367117457366,0.19999999999999998,0.0016719779497347347,-0.006380999054457189,False,
2025-07-10 00:15:00,2025-07-10 03:15:00,signal_exit_th,36,111264.97,111162.15,-0.0010760515807162617,0.19999999999999998,0.0034599389187810066,-0.0028403369002840593,False,
2025-07-10 19:15:00,2025-07-10 22:40:00,signal_exit_th,41,113602.43,115962.95,-0.022822382039346008,0.19999999999999998,0.004436348764722691,-0.028745599896058623,False,
2025-07-11 05:55:00,2025-07-11 08:55:00,early_exit,36,117860.37,117964.76,-0.0011140625655071694,0.19999999999999998,0.004578553418761579,-0.0033246119963817908,False,
2025-07-13 16:05:00,2025-07-13 19:25:00,signal_exit_th,40,118874.01,119253.19,-0.0051981515986979435,0.19999999999999998,0.004134208983107385,-0.0036676646139892585,False,
2025-07-16 14:10:00,2025-07-16 21:25:00,signal_exit_th,87,118289.12,119940.78,-0.015992862925023797,0.19999999999999998,0.0007534082593563579,-0.015003239520253437,False,
2025-07-18 00:00:00,2025-07-18 03:00:00,signal_exit_th,36,119369.36,119978.0,-0.007111005673450837,0.19999999999999998,0.002922693059592551,-0.011863429610412627,False,
2025-07-19 15:00:00,2025-07-19 18:00:00,signal_exit_th,36,117792.3,117844.38,-0.0024450213187507367,0.19999999999999998,0.0004276170853273932,-0.0038008426696820746,False,
2025-07-20 18:35:00,2025-07-20 21:35:00,signal_exit_th,36,118182.54,117980.65,-0.00029029243657726516,0.19999999999999998,0.002981320252551659,-0.003227126443550794,False,
2025-07-20 23:30:00,2025-07-21 03:10:00,signal_exit_th,44,117120.01,118430.54,-0.013214037278328246,0.19999999999999998,0.005165727017953591,-0.011940145838443897,False,
2025-07-22 14:20:00,2025-07-22 19:25:00,signal_exit_th,61,118256.0,119633.96,-0.013677677474525049,0.19999999999999998,0.000890948450818568,-0.016303274252469274,False,
2025-07-23 17:15:00,2025-07-23 20:15:00,signal_exit_th,36,117364.43,118330.09,-0.010246350423864242,0.19999999999999998,0.0002794713866883549,-0.00966502372141203,False,
2025-07-25 04:05:00,2025-07-25 07:05:00,early_exit,36,115200.02,115098.38,-0.002878530691286271,0.19999999999999998,0.008199738159767685,-0.0012711803348645454,False,
2025-07-27 18:05:00,2025-07-27 22:10:00,signal_exit_th,49,119301.53,119701.24,-0.005359127599806309,0.19999999999999998,0.00492692759263015,-0.0036976893758194,False,
2025-07-31 16:20:00,2025-07-31 19:20:00,early_exit,36,118450.01,117157.23,-0.012890335590688225,0.19999999999999998,0.003622878545979056,-0.01091414006634528,False,
2025-08-01 14:35:00,2025-08-01 19:10:00,signal_exit_th,55,115653.5,113680.64,0.015090517201218514,0.19999999999999998,0.017574046613375298,-0.0009062414885844152,False,
2025-08-03 14:20:00,2025-08-03 17:20:00,signal_exit_th,36,113719.99,114023.31,-0.004674594984530769,0.19999999999999998,0.0012337320817562762,-0.0039139996406963385,False,
2025-08-04 05:55:00,2025-08-04 08:55:00,signal_exit_th,36,114391.26,114546.25,-0.0033596257425771033,0.19999999999999998,0.00212149075025481,-0.003385223661318227,False,
2025-08-04 16:45:00,2025-08-04 20:10:00,signal_exit_th,41,115338.99,114699.99,0.0035492801730827783,0.19999999999999998,0.006265530849541889,-0.0033033928942848793,False,
2025-08-06 18:25:00,2025-08-06 21:25:00,signal_exit_th,36,115426.66,115136.32,0.0005183971957332122,0.19999999999999998,0.003803107531656989,-0.0012695507259760752,False,
2025-08-07 12:05:00,2025-08-07 15:40:00,signal_exit_th,43,116316.67,116749.99,-0.005734807519108976,0.19999999999999998,0.002414357288598459,-0.003725433336425482,False,
2025-08-10 03:20:00,2025-08-10 06:20:00,early_exit,36,118213.85,117836.46,-0.005184058234441125,0.19999999999999998,0.00446580497970414,-0.003240229465498401,False,
2025-08-11 02:15:00,2025-08-11 05:15:00,early_exit,36,121171.03,122096.64,0.005625607617024208,0.19999999999999998,0.009607329408687908,-0.00042254324321578426,False,
2025-08-12 16:35:00,2025-08-12 19:35:00,signal_exit_th,36,119578.12,119850.74,-0.0042864147840878525,0.19999999999999998,0.0033910886038348823,-0.00413863338878383,False,
2025-08-13 13:50:00,2025-08-13 20:45:00,signal_exit_th,83,121978.16,122939.99,-0.009903052366965573,0.19999999999999998,0.013678104342613526,-0.007885346032437254,False,
2025-08-18 18:00:00,2025-08-18 22:15:00,signal_exit_th,51,116376.79,116898.91,-0.006497445511702635,0.19999999999999998,0.0034067789633997177,-0.005183250027776212,False,
2025-08-19 13:50:00,2025-08-19 16:50:00,signal_exit_th,36,115300.0,113480.0,0.013814508350501423,0.19999999999999998,0.016858196010407632,-0.0006836079791847961,False,
2025-08-20 11:35:00,2025-08-20 15:05:00,signal_exit_th,42,113262.34,113873.98,-0.0074130195079488955,0.19999999999999998,0.007790232834673878,-0.0068125027259723385,False,
2025-08-20 18:15:00,2025-08-20 21:15:00,signal_exit_th,36,113599.99,114044.58,-0.00592348183725613,0.19999999999999998,0.002957570682884835,-0.007658539406561521,False,
2025-08-22 05:40:00,2025-08-22 08:40:00,signal_exit_th,36,113134.07,113092.78,-0.0016363061275172916,0.19999999999999998,0.0025639491269076322,-0.0023042572409883934,False,
2025-08-22 14:15:00,2025-08-22 18:10:00,early_exit,47,115029.88,117410.0,0.018651976211872735,0.19999999999999998,0.02085692865192938,-0.003658875415674646,False,
2025-08-25 17:10:00,2025-08-25 21:45:00,signal_exit_th,55,112506.01,110245.37,0.018131729572033944,0.19999999999999998,0.028726554252523837,-0.0026131048465766874,False,
2025-08-27 14:10:00,2025-08-27 18:45:00,signal_exit_th,55,111652.74,112153.1,-0.006492368487604802,0.19999999999999998,0.0013232098021061125,-0.008707891987245408,False,
2025-08-28 17:45:00,2025-08-28 20:45:00,signal_exit_th,36,112520.72,111902.5,0.003503274516648802,0.19999999999999998,0.005764804917707632,-0.0017550545357334713,False,
2025-08-30 20:40:00,2025-08-30 23:40:00,signal_exit_th,36,108629.46,108784.64,-0.00343338784034326,0.19999999999999998,0.0014792488151925114,-0.0014594567624656662,False,
2025-08-31 04:40:00,2025-08-31 07:40:00,signal_exit_th,36,108730.0,108776.03,-0.00242619175783885,0.19999999999999998,0.0018992918237836361,-0.0009120757840522235,False,
2025-08-31 20:25:00,2025-09-01 01:05:00,signal_exit_th,56,109065.58,108043.11,0.0073915847463286305,0.19999999999999998,0.013147135879165625,-0.001507533357453362,False,
2025-09-01 11:40:00,2025-09-01 14:40:00,signal_exit_th,36,108506.0,109084.41,-0.007343346978113657,0.19999999999999998,9.216080211934188e-08,-0.009345105339796878,False,
2025-09-02 14:20:00,2025-09-02 17:20:00,early_exit,36,111201.18,110708.01,-0.006424075942133251,0.19999999999999998,0.005128902409129212,-0.006577987751568787,False,
2025-09-03 14:00:00,2025-09-03 19:10:00,signal_exit_th,62,111822.21,111815.29,-0.001939994160680769,0.19999999999999998,0.00629374075150199,-0.006734440322722987,False,
2025-09-05 07:35:00,2025-09-05 10:35:00,early_exit,36,112707.97,112350.81,-0.005160567995831643,0.19999999999999998,0.0025821598951697813,-0.005118981381707053,False,
2025-09-05 11:35:00,2025-09-05 16:25:00,signal_exit_th,58,112313.15,110725.1,0.012165789385553863,0.19999999999999998,0.018040986295905607,-0.009540022695472447,False,
2025-09-07 12:25:00,2025-09-07 15:25:00,signal_exit_th,36,111129.31,111311.83,-0.0036477011015952545,0.19999999999999998,0.0007802622008540488,-0.0025437933520868826,False,
2025-09-08 12:00:00,2025-09-08 15:00:00,signal_exit_th,36,112063.74,112695.99,-0.007655175506346551,0.19999999999999998,0.001660662048223679,-0.006387079353232319,False,
2025-09-09 09:55:00,2025-09-09 12:55:00,signal_exit_th,36,112966.54,112671.76,0.0006126673518629351,0.19999999999999998,0.005073537704173284,-0.0006502810478218276,False,
2025-09-09 16:55:00,2025-09-09 19:55:00,early_exit,36,110975.99,111301.53,0.0009295643199876928,0.19999999999999998,0.0037129652999715376,-0.0007002415567548115,False,
2025-09-10 15:20:00,2025-09-10 19:10:00,signal_exit_th,46,113819.33,113356.68,0.0020709109753124784,0.19999999999999998,0.004146395871421861,-0.0022415348956983374,False,
2025-09-12 02:40:00,2025-09-12 05:40:00,signal_exit_th,36,115512.16,115523.99,-0.002104620494147637,0.19999999999999998,0.004040353846729266,-0.00046609811469196406,False,
2025-09-12 18:55:00,2025-09-12 21:55:00,signal_exit_th,36,116486.18,115865.89,0.003333668047627983,0.19999999999999998,0.00629688431709238,-0.0015405260950269951,False,
2025-09-13 14:45:00,2025-09-13 18:55:00,signal_exit_th,50,115807.47,115633.92,-0.0005003937944532343,0.19999999999999998,0.005873541663590415,-0.0010114200750608285,False,
2025-09-16 18:20:00,2025-09-16 21:20:00,signal_exit_th,36,116623.63,116604.45,-0.0018372120842262887,0.19999999999999998,0.0034084859131893706,-0.002714972943304801,False,
2025-09-17 18:05:00,2025-09-17 21:05:00,early_exit,36,115972.01,115426.85,-0.00668939925179418,0.19999999999999998,0.0014502637317401184,-0.010788810162038212,False,
2025-09-17 22:05:00,2025-09-18 01:05:00,signal_exit_th,36,116127.91,116541.13,-0.0055674434817226115,0.19999999999999998,0.0003026834806551563,-0.007429480131003731,False,
2025-09-18 03:40:00,2025-09-18 08:40:00,signal_exit_th,60,117686.13,117191.59,0.002208605229878885,0.19999999999999998,0.006781682769243925,-0.0007916820784233304,False,
2025-09-18 18:25:00,2025-09-18 21:25:00,signal_exit_th,36,117808.55,117437.98,0.0011498225632089686,0.19999999999999998,0.005196736569629294,-0.0006477458554578396,False,
2025-09-24 14:40:00,2025-09-24 21:15:00,signal_exit_th,79,113382.5,113530.48,-0.003309754576308094,0.19999999999999998,0.0019340727184529675,-0.004916984543470112,False,
2025-09-25 17:25:00,2025-09-25 20:25:00,signal_exit_th,36,109938.11,109357.92,0.003285987227042832,0.19999999999999998,0.011884868677476863,-0.0005629531015222967,False,
2025-09-28 00:15:00,2025-09-28 04:10:00,signal_exit_th,47,109651.99,109464.0,-0.00028414575191154857,0.19999999999999998,0.0029816148343500405,-0.0012380988252013918,False,
2025-09-28 18:50:00,2025-09-28 21:50:00,signal_exit_th,36,110259.85,110725.67,-0.006235207221967084,0.19999999999999998,0.0012709975571343459,-0.006213957301773892,False,
2025-09-29 02:55:00,2025-09-29 05:55:00,signal_exit_th,36,111750.02,111753.34,-0.0020317706467560836,0.19999999999999998,0.001562773769525942,-0.0013809393501673863,False,
2025-09-29 13:10:00,2025-09-29 20:30:00,signal_exit_th,88,112094.74,114395.88,-0.022571628078005952,0.19999999999999998,6.521269419075528e-05,-0.02056528254581789,False,
2025-09-30 04:35:00,2025-09-30 07:35:00,signal_exit_th,36,114206.93,113658.27,0.0028117025465609195,0.19999999999999998,0.004815206923082452,-0.00011671796098539507,False,
2025-09-30 16:20:00,2025-09-30 19:20:00,signal_exit_th,36,113167.54,113893.55,-0.00843020105513571,0.19999999999999998,0.003247751077738313,-0.0071838620862485,False,
2025-10-01 12:15:00,2025-10-01 19:05:00,signal_exit_th,82,116792.02,117403.43,-0.007247514872179538,0.19999999999999998,0.0036701137629094813,-0.01204688471010259,False,
2025-10-02 13:55:00,2025-10-02 16:55:00,early_exit,36,119621.2,119731.4,-0.0010786012548242093,0.19999999999999998,0.0056745794223766605,-0.009235904672415907,False,
2025-10-02 17:55:00,2025-10-02 20:55:00,signal_exit_th,36,119917.52,120652.01,-0.00813922407305925,0.19999999999999998,8.764357368305576e-05,-0.009210914301763436,False,
2025-10-05 04:30:00,2025-10-05 10:50:00,signal_exit_th,76,124052.9,123001.37,0.006491432372891054,0.19999999999999998,0.012354890534602488,-0.013345274475647116,False,
2025-10-06 04:25:00,2025-10-06 07:25:00,signal_exit_th,36,123966.44,123841.14,-0.0009892210360337458,0.19999999999999998,0.005416869275265219,-0.0016062411730142071,False,
2025-10-06 14:35:00,2025-10-06 19:45:00,signal_exit_th,62,124888.67,125393.79,-0.006054661472642924,0.19999999999999998,0.004398237246020745,-0.010497029073974496,False,
2025-10-11 01:40:00,2025-10-11 04:40:00,signal_exit_th,36,111245.34,112110.48,-0.00979443638183318,0.19999999999999998,0.0020307367481640446,-0.01867089443926373,False,
2025-10-12 18:05:00,2025-10-12 21:05:00,signal_exit_th,36,114141.64,114863.97,-0.008343036755893004,0.19999999999999998,0.00515000485361873,-0.01162599380909539,False,
2025-10-14 17:10:00,2025-10-14 21:20:00,signal_exit_th,50,112751.66,112916.22,-0.0034644146125963,0.19999999999999998,0.006475026620450706,-0.007032002899114704,False,
2025-10-16 14:25:00,2025-10-16 17:25:00,signal_exit_th,36,110343.41,108817.74,0.011852240805922756,0.19999999999999998,0.02506574701651867,-0.00975690347071928,False,
2025-10-17 10:30:00,2025-10-17 13:30:00,early_exit,36,104255.52,105880.53,0.013557656127085484,0.19999999999999998,0.022979118995329905,-0.0006969415144637281,False,
2025-10-21 14:30:00,2025-10-21 17:45:00,signal_exit_th,39,110047.45,112326.77,-0.02275562421862954,0.19999999999999998,0.0025873384617271546,-0.03591677953464622,False,
2025-10-23 18:15:00,2025-10-23 21:15:00,signal_exit_th,36,110855.47,109671.85,0.008696519321389718,0.19999999999999998,0.013659136531557732,-0.0002873110366137622,False,
2025-10-24 08:20:00,2025-10-24 11:20:00,signal_exit_th,36,110991.3,111105.43,-0.0030323394112265877,0.19999999999999998,0.0028046342370979358,-0.00442998685482558,False,
2025-10-25 00:45:00,2025-10-25 03:45:00,signal_exit_th,36,110925.33,111071.62,-0.003323457370878228,0.19999999999999998,0.0022760355998039505,-0.002716602240444058,False,
2025-10-26 12:10:00,2025-10-26 16:50:00,signal_exit_th,56,113728.0,113736.22,-0.0020744244173831446,0.19999999999999998,0.0039058103545300815,-0.0023916713562183453,False,
2025-10-27 07:15:00,2025-10-27 10:15:00,early_exit,36,115969.19,115509.33,-0.005955442752750768,0.19999999999999998,0.0007386444623783566,-0.009955230350406,False,
2025-10-28 16:10:00,2025-10-28 20:55:00,signal_exit_th,57,114862.92,112808.05,0.015923572707868188,0.19999999999999998,0.022096774137380377,-0.00634225562087404,False,
2025-11-03 03:50:00,2025-11-03 06:50:00,early_exit,36,107989.66,107499.76,-0.00652548341447465,0.19999999999999998,0.0008364689730479913,-0.009108372042286275,False,
2025-11-04 06:25:00,2025-11-04 09:25:00,signal_exit_th,36,104972.73,103878.13,0.008446343881651698,0.19999999999999998,0.012448280615355968,-0.00023729972536680236,False,
2025-11-09 00:25:00,2025-11-09 03:25:00,signal_exit_th,36,101779.14,101505.39,0.0006930300846126382,0.19999999999999998,0.003725124814377479,-0.003152512391045951,False,
2025-11-09 15:35:00,2025-11-09 18:35:00,early_exit,36,103693.76,103730.58,-0.0016436274091507232,0.19999999999999998,0.00457346710158842,-0.0036408169594775892,False,
2025-11-11 04:55:00,2025-11-11 07:55:00,signal_exit_th,36,105755.32,104783.98,0.00720117212318287,0.19999999999999998,0.009589304821733884,-3.366260912451186e-05,False,
2025-11-12 09:45:00,2025-11-12 12:45:00,early_exit,36,104524.03,105027.82,0.0028122165380937807,0.19999999999999998,0.007742717153175235,-0.0006126820789438907,False,
2025-11-12 13:45:00,2025-11-12 17:10:00,signal_exit_th,41,105165.21,101536.84,0.03256868923708749,0.19999999999999998,0.03675369449649752,-9.508848025655357e-08,False,
2025-11-13 01:50:00,2025-11-13 08:15:00,signal_exit_th,77,102067.47,103473.73,-0.015807334252672292,0.19999999999999998,0.011217285977598917,-0.019766728811833913,False,
2025-11-13 18:30:00,2025-11-13 21:30:00,early_exit,36,98600.01,98619.97,-0.0017959724051030534,0.19999999999999998,0.007048782246573904,-0.006081236705756932,False,
2025-11-14 15:05:00,2025-11-14 18:05:00,early_exit,36,96537.59,95977.11,-0.00779222329397769,0.19999999999999998,0.009048496031442303,-0.009712175329837803,False,
2025-11-16 10:25:00,2025-11-16 13:25:00,signal_exit_th,36,96481.27,95390.01,0.009331230911543885,0.19999999999999998,0.01153436309451571,-0.00040526000538748365,False,
2025-11-18 14:35:00,2025-11-18 22:15:00,signal_exit_th,92,92128.99,93117.31,-0.012751046560274157,0.19999999999999998,0.012145905431070124,-0.018528586930129043,False,
2025-11-19 18:45:00,2025-11-19 21:45:00,early_exit,36,88951.02,90416.1,0.014439727071690217,0.22850239665444294,0.021348602860315664,-0.0038562795569966938,False,
2025-11-20 18:45:00,2025-11-20 21:45:00,early_exit,36,86664.0,87590.17,0.008667551293901314,0.19999999999999998,0.011656858672574493,-0.006507892550540017,False,
2025-11-23 14:10:00,2025-11-23 17:55:00,signal_exit_th,45,86811.57,86746.51,-0.0012510623490241792,0.19999999999999998,0.004143111338730687,-0.007930164147474732,False,
2025-11-24 16:45:00,2025-11-24 19:45:00,signal_exit_th,36,87435.37,88303.83,-0.011954480714663436,0.19999999999999998,0.005545353099094801,-0.016003249028396633,False,
2025-11-26 19:30:00,2025-11-26 22:30:00,signal_exit_th,36,89907.05,90278.0,-0.0061361899510298,0.19999999999999998,0.004429018636469521,-0.008331159792252097,False,
2025-11-28 16:25:00,2025-11-28 19:30:00,signal_exit_th,37,91186.21,91029.27,-0.00027746279597295884,0.19999999999999998,0.011027763956852704,-0.0046674820677380996,False,
2025-11-30 12:00:00,2025-11-30 15:00:00,signal_exit_th,36,91044.65,91402.32,-0.00593837889022178,0.19999999999999998,-1.098362178262339e-07,-0.010493312896474429,False,
2025-12-01 12:50:00,2025-12-01 15:50:00,signal_exit_th,36,85408.0,84734.0,0.005905329270822051,0.19999999999999998,0.018560790558261583,-0.014822967403521918,False,
2025-12-02 15:55:00,2025-12-02 18:55:00,early_exit,36,90850.01,91954.49,0.010134888760658997,0.19999999999999998,0.01526846282130293,-0.007143752653411869,False,
2025-12-02 19:55:00,2025-12-02 22:55:00,signal_exit_th,36,91903.39,91981.91,-0.002858087911316232,0.2197277363147067,0.012866989998954382,-0.0010512125831267005,False,
2025-12-05 14:15:00,2025-12-05 17:30:00,signal_exit_th,39,90420.0,89072.02,0.01293582877281164,0.19999999999999998,0.026144658261446584,-0.01170836098208359,False,
2025-12-07 22:20:00,2025-12-08 01:20:00,signal_exit_th,36,89419.35,90793.43,-0.017399462517101918,0.19999999999999998,0.0011334235822560309,-0.015440170388176543,False,
2025-12-08 12:50:00,2025-12-08 16:30:00,signal_exit_th,44,91775.98,90233.53,0.014838330163211398,0.19999999999999998,0.023578936449384642,-0.0037711392458027234,False,
2025-12-08 17:40:00,2025-12-08 20:40:00,early_exit,36,89853.27,90605.89,0.006361362816837194,0.19999999999999998,0.0086370813215812,-0.001430665795468578,False,
2025-12-09 20:45:00,2025-12-09 23:45:00,signal_exit_th,36,93113.27,92835.4,0.0009881872191080316,0.19999999999999998,0.009218342347981183,-0.001418809585357711,False,
2025-12-10 21:20:00,2025-12-11 00:20:00,signal_exit_th,36,92533.12,91766.74,0.006296802731852052,0.19999999999999998,0.008283088260722127,-0.002639271214458144,False,
2025-12-11 14:55:00,2025-12-11 19:55:00,signal_exit_th,60,89545.24,90839.81,-0.01648810681038418,0.19999999999999998,0.002370198572252475,-0.022257129468858303,False,
2025-12-12 17:30:00,2025-12-12 20:30:00,early_exit,36,90098.0,89965.01,-0.0034711122303522053,0.19999999999999998,0.006304246487158428,-0.001657195498235229,False,
2025-12-16 13:40:00,2025-12-16 19:05:00,signal_exit_th,65,86933.99,87485.91,-0.00836343721215342,0.19999999999999998,0.009507903640451936,-0.014286586868956442,False,
2025-12-18 15:50:00,2025-12-18 19:35:00,signal_exit_th,45,88745.12,85266.51,0.03727423295248538,0.19999999999999998,0.040462844604863796,-0.0006906295241925207,False,
2025-12-19 03:30:00,2025-12-19 06:30:00,early_exit,36,87186.0,86995.48,-0.004178849159924142,0.19999999999999998,0.0022251278875048746,-0.006176335650219132,False,
2025-12-19 07:50:00,2025-12-19 10:50:00,signal_exit_th,36,87931.6,88281.55,-0.0059897674992816325,0.19999999999999998,0.0021493979411269667,-0.0046591896428586285,False,
2025-12-19 17:35:00,2025-12-19 20:35:00,signal_exit_th,36,87299.98,87985.31,-0.00986800646193468,0.19999999999999998,0.00519839752540599,-0.012783737178404898,False,
2025-12-21 11:00:00,2025-12-21 14:55:00,signal_exit_th,47,88589.38,88065.18,0.0039270320362704315,0.19999999999999998,0.011167704300447875,-0.0037321629296873968,False,
2025-12-22 00:35:00,2025-12-22 05:15:00,signal_exit_th,56,89160.34,88851.95,0.0014637474264703218,0.19999999999999998,0.014135657176722258,-0.0015663915144334746,False,
2025-12-23 14:50:00,2025-12-23 20:10:00,signal_exit_th,64,86976.17,87652.27,-0.009790957914334769,0.19999999999999998,0.00430313268565406,-0.014937769736239202,False,
2025-12-24 15:50:00,2025-12-24 18:50:00,signal_exit_th,36,86997.22,87485.43,-0.0076250253284645565,0.19999999999999998,0.0009192247752284632,-0.007733350559937419,False,
2025-12-25 16:50:00,2025-12-25 21:25:00,signal_exit_th,55,88092.7,87958.19,-0.00047203085468462577,0.19999999999999998,0.0050253880287469575,-0.0025163265514622467,False,
2025-12-26 02:25:00,2025-12-26 05:25:00,early_exit,36,89020.13,88915.78,-0.0031678667071583927,0.21178479713998666,0.0047165736558685695,-0.005654900751099877,False,
2025-12-28 02:40:00,2025-12-28 05:40:00,signal_exit_th,36,87842.77,87676.53,-0.00010574107110446624,0.19999999999999998,0.002595318886232873,-3.0509056123719857e-05,False,
2025-12-29 06:55:00,2025-12-29 09:55:00,signal_exit_th,36,89777.26,88100.05,0.016717301502891926,0.19999999999999998,0.022357109138772882,-0.000773581194168898,False,
2025-12-30 09:30:00,2025-12-30 13:25:00,signal_exit_th,47,87742.1,88095.99,-0.006043374256466992,0.19999999999999998,7.989323255323627e-05,-0.004983696537921919,False,
2025-12-30 16:25:00,2025-12-30 20:15:00,signal_exit_th,46,89218.56,88192.62,0.00952019622596694,0.19999999999999998,0.014104240193968616,-0.000610411107285372,False,
2026-01-02 14:25:00,2026-01-02 20:25:00,signal_exit_th,72,88900.01,89891.67,-0.013179113290350604,0.19999999999999998,0.00494994320023123,-0.02319234834731743,False,
2026-01-04 01:40:00,2026-01-04 05:35:00,signal_exit_th,47,91081.52,91414.75,-0.005667917185753067,0.19999999999999998,0.0008360642202722213,-0.005557658677632928,False,
2026-01-05 01:15:00,2026-01-05 04:15:00,early_exit,36,92845.83,92769.79,-0.002815357736305931,0.19999999999999998,0.005839465272699897,-0.0013016201158415604,False,
2026-01-05 13:40:00,2026-01-05 20:10:00,signal_exit_th,78,92607.44,94415.81,-0.02156836038919388,0.19999999999999998,0.002163001158438217,-0.020814310383701327,False,
2026-01-07 09:40:00,2026-01-07 12:40:00,signal_exit_th,36,91745.22,92016.17,-0.004961201864866129,0.19999999999999998,0.0015828617556315322,-0.005536419227072564,False,
2026-01-08 18:20:00,2026-01-08 21:35:00,signal_exit_th,39,91204.0,91286.64,-0.0029099166268588997,0.19999999999999998,0.006972172273145908,-0.001414411648611903,False,
2026-01-09 15:25:00,2026-01-09 21:20:00,signal_exit_th,71,91680.59,90455.63,0.011385917647864605,0.19999999999999998,0.01708889526125433,-0.004384352238570961,False,
2026-01-11 15:50:00,2026-01-11 20:05:00,signal_exit_th,51,90802.25,90544.84,0.0008385150042984275,0.19999999999999998,0.0047509835934681595,-0.005304273847839667,False,
2026-01-12 17:10:00,2026-01-12 20:10:00,signal_exit_th,36,91963.62,91868.7,-0.0009677883637173527,0.19999999999999998,0.010472510760233193,-0.001335310636967128,False,
2026-01-13 08:50:00,2026-01-13 11:50:00,signal_exit_th,36,92199.27,92040.34,-0.00027478465876076407,0.19999999999999998,0.0027036005816532395,-0.005128457090820746,False,
2026-01-14 15:05:00,2026-01-14 18:05:00,early_exit,36,96556.13,97097.72,0.003599860116996772,0.19999999999999998,0.012644148020431177,-0.0026526539537158815,False,
2026-01-14 19:05:00,2026-01-14 22:05:00,signal_exit_th,36,96919.21,97386.0,-0.0068279236589624676,0.2729516613951436,0.0008895037423438181,-0.010372350331786637,False,
2026-01-16 19:25:00,2026-01-16 22:25:00,early_exit,36,94861.39,95371.64,0.0033701516784359754,0.19999999999999998,0.007786202584634282,-0.0018910749673813488,False,
2026-01-20 03:55:00,2026-01-20 06:55:00,signal_exit_th,36,92434.92,90929.98,0.014311669204646901,0.19999999999999998,0.017992550867139814,-0.0003835130706014252,False,
2026-01-20 15:10:00,2026-01-20 19:55:00,signal_exit_th,57,90304.51,89725.76,0.004419700066462306,0.19999999999999998,0.011206859989606266,-0.007419120041734466,False,
2026-01-22 14:50:00,2026-01-22 17:55:00,signal_exit_th,37,89390.5,89550.01,-0.0037899922172858905,0.19999999999999998,0.009789966495321144,-0.002523086905207976,False,
2026-01-23 15:10:00,2026-01-23 20:25:00,signal_exit_th,63,88821.92,89814.37,-0.013197851932817266,0.19999999999999998,0.002742115910126663,-0.02705492067723831,False,
2026-01-25 16:15:00,2026-01-25 21:00:00,signal_exit_th,57,87692.42,86820.14,0.007964951884164012,0.19999999999999998,0.017077530760355255,-0.005180949505099777,False,
2026-01-26 14:55:00,2026-01-26 17:55:00,early_exit,36,88178.1,87700.62,-0.007402132887712847,0.19999999999999998,0.007733212668451624,-0.012957752548535418,False,
2026-01-28 15:20:00,2026-01-28 18:20:00,signal_exit_th,36,89200.01,89916.33,-0.010048571437073526,0.19999999999999998,0.0011211882151133702,-0.015694953397426808,False,
2026-01-29 15:20:00,2026-01-29 20:15:00,signal_exit_th,59,85558.53,84179.99,0.01414249977753809,0.19999999999999998,0.025423531703969167,-0.0009323442092799406,False,
2026-01-30 16:05:00,2026-01-30 20:25:00,signal_exit_th,52,83016.32,83954.01,-0.01331986404716663,0.19999999999999998,0.013791866466738245,-0.01933162057773696,False,
2026-02-02 03:10:00,2026-02-02 06:10:00,signal_exit_th,36,75890.1,75647.75,0.0011978249212091035,0.19999999999999998,0.016946874493511087,-0.009634721788480882,False,
2026-02-02 17:20:00,2026-02-02 21:30:00,signal_exit_th,50,79192.1,78484.18,0.006955169954004599,0.19999999999999998,0.016467551687605275,-0.00016567309112898058,False,
2026-02-03 03:20:00,2026-02-03 06:55:00,signal_exit_th,43,78117.31,78594.17,-0.008118631909952921,0.19999999999999998,0.0021417788195727382,-0.011299416224137871,False,
2026-02-04 18:15:00,2026-02-04 21:15:00,early_exit,36,72882.38,73308.13,0.0038319304307873787,0.19999999999999998,0.017310356769359003,-0.0022345592995179435,False,
2026-02-05 12:30:00,2026-02-05 15:30:00,signal_exit_th,36,69609.16,66984.86,0.03577397250844824,0.19999999999999998,0.04150330215161351,-0.018142439874292263,False,
2026-02-06 15:30:00,2026-02-06 20:15:00,signal_exit_th,57,68447.27,70419.44,-0.03087266825776777,0.19999999999999998,0.0016374648689422052,-0.04459973348827493,False,
2026-02-09 01:05:00,2026-02-09 04:05:00,signal_exit_th,36,70460.32,71100.0,-0.01109876228694873,0.19999999999999998,0.005565401916994046,-0.01409601886565363,False,
2026-02-09 15:20:00,2026-02-09 18:20:00,early_exit,36,68986.07,70283.81,0.01677603619386936,0.19999999999999998,0.02936723312402044,-0.0029871247920052117,False,
2026-02-10 16:25:00,2026-02-10 20:05:00,signal_exit_th,44,69425.24,68967.67,0.004602023508836246,0.19999999999999998,0.011820052764671761,-0.008187368167542366,False,
2026-02-11 18:30:00,2026-02-11 21:30:00,early_exit,36,66864.0,68109.8,0.016596621253835837,0.19999999999999998,0.02251989112227812,-0.000314070351758794,False,
2026-02-13 13:50:00,2026-02-13 21:50:00,time_stop,96,67360.12,68813.74,-0.023625035781486888,0.19999999999999998,0.007313674619344416,-0.031514937918756765,False,
2026-02-14 08:20:00,2026-02-14 11:20:00,early_exit,36,69525.46,70334.79,0.009619511313566833,0.19999999999999998,0.01384442476180659,-0.0007841731647658868,False,
2026-02-16 16:40:00,2026-02-16 19:40:00,early_exit,36,67927.66,68096.25,0.0004789441656543068,0.19999999999999998,0.004676739931862705,-0.004809969900332361,False,
2026-02-17 18:30:00,2026-02-17 21:30:00,signal_exit_th,36,67790.85,67576.55,0.0011655202967894886,0.19999999999999998,0.00452406187560714,-0.00655752214347502,False,
2026-02-18 11:15:00,2026-02-18 14:15:00,signal_exit_th,36,67312.63,67140.08,0.0005665419019496131,0.19999999999999998,0.003874755747918436,-0.005602663274336333,False,
2026-02-20 06:05:00,2026-02-20 13:00:00,signal_exit_th,83,67845.79,67231.63,0.007068414151300025,0.19999999999999998,0.011217792585214017,-0.006965796993446548,False,
2026-02-21 17:55:00,2026-02-21 20:55:00,signal_exit_th,36,68437.45,68211.19,0.0013107013931854033,0.19999999999999998,0.0036157104041719423,-0.0032299566976853014,False,
2026-02-24 18:30:00,2026-02-24 21:30:00,signal_exit_th,36,64360.96,63897.51,0.0052132077746673364,0.19999999999999998,0.008397326578099506,-0.005937605654110838,False,
2026-02-25 17:25:00,2026-02-25 20:55:00,signal_exit_th,42,68565.44,69148.69,-0.010525504041333702,0.19999999999999998,0.002801848861467243,-0.014359420722743085,False,
2026-02-28 18:55:00,2026-02-28 21:55:00,signal_exit_th,36,65911.84,66723.22,-0.014336726451879136,0.19999999999999998,0.004690962959007097,-0.018810580921424687,False,
2026-03-02 15:25:00,2026-03-02 18:25:00,early_exit,36,68556.0,69089.06,0.005762003618646398,0.19999999999999998,0.022463387595542332,-0.0018088861660539525,False,
2026-03-03 17:10:00,2026-03-03 20:20:00,signal_exit_th,38,67941.36,68336.84,-0.007834557484431973,0.19999999999999998,0.0025736900173914767,-0.01431602193420906,False,
