timestamp,open,high,low,close,volume
2025-11-13 14:22:00,102421.46,102431.1,102373.8,102373.8,6.27116
2025-11-13 14:23:00,102373.79,102420.57,102367.37,102420.57,12.06073
2025-11-13 14:24:00,102420.58,102522.9,102420.57,102496.49,16.03148
2025-11-13 14:25:00,102496.49,102506.49,102457.16,102489.11,12.18516
2025-11-13 14:26:00,102489.11,102489.11,102402.17,102402.18,12.92896
2025-11-13 14:27:00,102402.17,102432.78,102399.69,102399.69,12.05333
2025-11-13 14:28:00,102399.7,102456.42,102389.71,102448.21,15.13352
2025-11-13 14:29:00,102448.21,102449.99,102344.33,102449.99,21.43596
2025-11-13 14:30:00,102449.99,102500.52,102376.0,102376.0,18.34261
2025-11-13 14:31:00,102375.19,102465.32,102241.32,102465.32,22.94185
2025-11-13 14:32:00,102465.32,102540.99,102410.29,102435.97,122.35453
2025-11-13 14:33:00,102435.97,102600.54,102402.0,102556.17,80.26899
2025-11-13 14:34:00,102556.18,102589.98,102371.99,102378.99,30.28222
2025-11-13 14:35:00,102378.99,102405.1,102022.87,102152.42,57.34043
2025-11-13 14:36:00,102152.42,102152.42,101823.37,101866.18,103.89923
2025-11-13 14:37:00,101866.18,101919.51,101699.91,101836.01,153.66945
2025-11-13 14:38:00,101836.01,102075.56,101749.85,102060.74,78.90529
2025-11-13 14:39:00,102060.74,102399.29,102038.86,102314.52,80.88136
2025-11-13 14:40:00,102314.51,102487.07,102184.31,102410.89,51.37341
2025-11-13 14:41:00,102410.89,102482.21,102264.0,102279.15,34.90108
2025-11-13 14:42:00,102279.14,102279.14,102107.74,102114.85,52.39992
2025-11-13 14:43:00,102114.85,102140.0,101850.43,101959.21,47.52692
2025-11-13 14:44:00,101959.21,101969.41,101799.16,101820.48,38.06901
2025-11-13 14:45:00,101820.49,101938.0,101760.52,101849.52,52.41363
2025-11-13 14:46:00,101849.51,101953.91,101800.01,101876.69,32.36629
2025-11-13 14:47:00,101876.69,101956.0,101827.69,101933.88,34.77375
2025-11-13 14:48:00,101933.88,102049.56,101888.0,102049.55,32.9173
2025-11-13 14:49:00,102049.55,102367.38,102033.6,102221.03,72.92302
2025-11-13 14:50:00,102221.03,102283.06,102171.11,102220.23,24.15751
2025-11-13 14:51:00,102220.23,102944.94,102220.23,102905.36,147.83523
2025-11-13 14:52:00,102905.36,103242.38,102867.0,103081.11,152.89775
2025-11-13 14:53:00,103081.1,103483.83,103056.99,103175.66,102.86439
2025-11-13 14:54:00,103175.66,103279.0,102872.0,102909.9,78.28432
2025-11-13 14:55:00,102909.91,103133.4,102811.2,103036.45,50.98799
2025-11-13 14:56:00,103036.44,103195.79,102956.0,103015.88,46.98764
2025-11-13 14:57:00,103014.01,103152.0,102954.64,102993.67,22.04821
2025-11-13 14:58:00,102993.67,102993.67,102842.0,102918.37,17.29659
2025-11-13 14:59:00,102918.37,103000.0,102868.0,102873.14,17.86616
2025-11-13 15:00:00,102873.14,102873.14,102664.41,102712.22,63.13455
2025-11-13 15:01:00,102712.22,102753.29,102504.0,102669.99,43.93602
2025-11-13 15:02:00,102669.09,102716.83,102474.0,102474.01,30.80089
2025-11-13 15:03:00,102474.0,102520.0,102381.66,102438.77,51.44289
2025-11-13 15:04:00,102438.77,102438.77,102003.61,102197.38,68.31341
2025-11-13 15:05:00,102197.39,102420.0,102197.39,102377.76,27.87434
2025-11-13 15:06:00,102377.75,102489.62,102247.61,102443.57,31.55824
2025-11-13 15:07:00,102443.57,102633.0,102289.31,102606.02,52.45404
2025-11-13 15:08:00,102606.01,102790.45,102563.32,102659.99,39.98283
2025-11-13 15:09:00,102660.0,102684.0,102556.93,102611.15,20.76138
2025-11-13 15:10:00,102611.15,102627.36,102377.32,102477.16,33.37871
2025-11-13 15:11:00,102477.16,102529.31,102432.12,102529.31,18.06195
2025-11-13 15:12:00,102529.31,102747.74,102510.1,102703.43,28.54774
2025-11-13 15:13:00,102703.44,102734.9,102622.0,102697.26,15.08653
2025-11-13 15:14:00,102697.26,102845.7,102697.26,102845.7,41.94395
2025-11-13 15:15:00,102845.8,102999.98,102842.72,102886.75,59.32512
2025-11-13 15:16:00,102886.76,102949.98,102774.84,102790.52,29.83824
2025-11-13 15:17:00,102790.53,102793.77,102633.85,102658.5,28.21744
2025-11-13 15:18:00,102658.51,102700.0,102544.42,102579.28,28.88408
2025-11-13 15:19:00,102579.28,102594.53,102444.64,102465.82,21.2661
2025-11-13 15:20:00,102465.81,102481.37,102401.23,102465.9,30.12899
2025-11-13 15:21:00,102470.57,102500.0,102210.44,102225.45,47.48555
2025-11-13 15:22:00,102225.45,102320.0,102208.58,102260.96,36.59493
2025-11-13 15:23:00,102260.97,102321.89,102173.44,102281.27,36.46138
2025-11-13 15:24:00,102281.28,102389.58,102281.27,102299.95,22.34205
2025-11-13 15:25:00,102299.95,102299.95,102200.26,102235.83,16.34262
2025-11-13 15:26:00,102235.83,102304.63,102103.98,102152.13,21.35092
2025-11-13 15:27:00,102152.13,102194.57,102089.16,102157.48,25.67207
2025-11-13 15:28:00,102157.47,102173.45,102068.75,102068.76,28.80832
2025-11-13 15:29:00,102068.76,102205.99,102068.75,102205.91,17.42725
2025-11-13 15:30:00,102205.91,102222.0,102034.03,102034.43,19.86163
2025-11-13 15:31:00,102034.42,102132.0,102003.56,102091.98,30.5586
2025-11-13 15:32:00,102091.98,102133.93,102026.41,102074.76,21.52412
2025-11-13 15:33:00,102074.75,102074.76,101883.0,101883.01,46.22744
2025-11-13 15:34:00,101883.01,101915.93,101800.0,101866.04,30.36219
2025-11-13 15:35:00,101866.04,101990.0,101838.41,101934.89,25.62546
2025-11-13 15:36:00,101934.88,102015.6,101926.2,101996.45,17.55067
2025-11-13 15:37:00,101995.92,101995.92,101586.64,101737.71,83.83579
2025-11-13 15:38:00,101737.71,101814.0,101664.0,101807.16,28.39534
2025-11-13 15:39:00,101807.16,101946.99,101796.95,101944.16,20.86482
2025-11-13 15:40:00,101944.15,101944.15,101832.0,101875.24,21.59072
2025-11-13 15:41:00,101875.25,101888.31,101669.08,101719.4,24.26049
2025-11-13 15:42:00,101719.41,101812.66,101681.08,101745.76,23.60734
2025-11-13 15:43:00,101745.76,101750.0,101662.74,101676.44,13.76986
2025-11-13 15:44:00,101676.44,101707.58,101580.12,101593.75,55.97739
2025-11-13 15:45:00,101593.75,101620.85,101550.0,101550.04,23.90064
2025-11-13 15:46:00,101550.03,101596.75,101336.46,101376.93,105.72727
2025-11-13 15:47:00,101376.93,101376.93,101266.24,101297.45,46.8501
2025-11-13 15:48:00,101297.45,101389.87,101276.41,101344.83,28.42711
2025-11-13 15:49:00,101344.82,101351.24,101290.0,101304.46,25.54595
2025-11-13 15:50:00,101304.46,101449.09,101260.51,101427.27,32.89771
2025-11-13 15:51:00,101427.27,101480.0,101360.8,101360.81,18.80153
2025-11-13 15:52:00,101360.81,101389.85,101298.0,101298.0,23.51891
2025-11-13 15:53:00,101298.01,101442.0,101297.99,101440.83,26.51183
2025-11-13 15:54:00,101440.83,101440.83,101257.66,101334.17,31.39778
2025-11-13 15:55:00,101334.17,101399.72,101206.61,101363.48,42.59103
2025-11-13 15:56:00,101363.48,101436.55,101272.46,101272.46,18.65194
2025-11-13 15:57:00,101272.47,101287.0,101214.44,101225.17,35.42806
2025-11-13 15:58:00,101225.16,101366.39,101184.14,101348.38,101.09765
2025-11-13 15:59:00,101348.39,101422.55,101348.38,101382.64,31.614
2025-11-13 16:00:00,101382.63,101500.0,101336.16,101500.0,35.73153
2025-11-13 16:01:00,101499.99,101540.93,101350.66,101356.42,33.4953
2025-11-13 16:02:00,101356.41,101369.25,101288.64,101288.65,20.73654
2025-11-13 16:03:00,101288.65,101332.06,101210.0,101211.9,50.42928
2025-11-13 16:04:00,101211.9,101211.91,101138.42,101190.95,34.35715
2025-11-13 16:05:00,101190.95,101254.0,101174.5,101232.3,37.6959
2025-11-13 16:06:00,101232.29,101232.29,101088.87,101119.22,45.79218
2025-11-13 16:07:00,101119.22,101233.15,101080.0,101230.15,44.84499
2025-11-13 16:08:00,101230.15,101353.6,101218.96,101246.0,44.93259
2025-11-13 16:09:00,101246.0,101402.58,101235.47,101358.39,37.06571
2025-11-13 16:10:00,101358.39,101358.39,101172.65,101177.04,31.77942
2025-11-13 16:11:00,101177.05,101270.85,101170.11,101221.86,21.13028
2025-11-13 16:12:00,101221.86,101221.86,101082.44,101082.45,33.98713
2025-11-13 16:13:00,101082.45,101114.39,101013.65,101082.45,53.17384
2025-11-13 16:14:00,101082.44,101211.16,101054.33,101188.02,24.64925
2025-11-13 16:15:00,101188.02,101270.78,101178.59,101208.01,28.06279
2025-11-13 16:16:00,101208.01,101208.01,101058.46,101107.17,30.7637
2025-11-13 16:17:00,101107.17,101107.17,100951.86,100976.66,151.31376
2025-11-13 16:18:00,100976.65,101013.07,100936.47,100936.47,32.11855
2025-11-13 16:19:00,100936.48,100936.48,100828.0,100843.93,90.1344
2025-11-13 16:20:00,100843.93,101000.57,100834.08,100955.2,44.67149
2025-11-13 16:21:00,100955.2,100955.2,100810.29,100845.13,42.88179
2025-11-13 16:22:00,100845.14,101026.11,100800.0,100990.92,54.93873
2025-11-13 16:23:00,100990.91,101004.62,100870.53,100899.54,27.60115
2025-11-13 16:24:00,100898.21,100963.19,100861.71,100862.21,22.78138
2025-11-13 16:25:00,100862.21,100890.69,100715.31,100741.91,83.44783
2025-11-13 16:26:00,100741.91,100905.25,100731.91,100888.68,31.84958
2025-11-13 16:27:00,100888.68,100986.18,100882.16,100930.76,25.06556
2025-11-13 16:28:00,100930.77,100989.14,100860.0,100965.03,22.29123
2025-11-13 16:29:00,100965.03,101082.84,100905.24,101064.94,25.20707
2025-11-13 16:30:00,101064.94,101192.0,100985.89,101060.56,93.4038
2025-11-13 16:31:00,101060.56,101214.28,101036.09,101105.67,126.75243
2025-11-13 16:32:00,101105.67,101192.75,101007.49,101036.97,83.38777
2025-11-13 16:33:00,101036.97,101125.5,101025.88,101056.17,26.8323
2025-11-13 16:34:00,101056.18,101358.59,101052.64,101348.27,58.28097
2025-11-13 16:35:00,101348.26,101425.93,101218.96,101218.97,74.30002
2025-11-13 16:36:00,101218.97,101273.99,101138.0,101142.96,43.12888
2025-11-13 16:37:00,101142.95,101221.29,101100.02,101193.38,25.27396
2025-11-13 16:38:00,101193.37,101277.49,101159.89,101273.1,25.89263
2025-11-13 16:39:00,101273.09,101299.85,101003.09,101020.01,58.59488
2025-11-13 16:40:00,101020.01,101081.03,100938.25,101007.29,35.16476
2025-11-13 16:41:00,101007.29,101039.74,100941.25,100943.92,30.59648
2025-11-13 16:42:00,100943.92,100987.88,100934.86,100982.94,21.83008
2025-11-13 16:43:00,100982.93,100982.93,100837.83,100889.72,45.41313
2025-11-13 16:44:00,100889.73,100945.24,100858.0,100942.76,26.74956
2025-11-13 16:45:00,100942.76,100994.88,100909.22,100945.75,24.18535
2025-11-13 16:46:00,100945.74,100976.19,100885.71,100889.42,27.03973
2025-11-13 16:47:00,100889.42,101037.33,100889.42,100962.62,26.54102
2025-11-13 16:48:00,100962.62,100978.81,100885.72,100912.0,24.91674
2025-11-13 16:49:00,100912.0,101098.66,100912.0,101082.95,22.97662
2025-11-13 16:50:00,101082.95,101088.8,100980.44,100983.13,16.80859
2025-11-13 16:51:00,100983.13,101142.47,100983.13,101108.77,25.33547
2025-11-13 16:52:00,101108.76,101128.37,100927.71,100967.63,92.39638
2025-11-13 16:53:00,100967.64,100967.64,100860.0,100889.64,39.99556
2025-11-13 16:54:00,100889.64,100889.64,100851.0,100851.0,31.54173
2025-11-13 16:55:00,100851.0,100864.85,100550.0,100617.46,151.25804
2025-11-13 16:56:00,100617.47,100730.23,100597.84,100652.97,45.61994
2025-11-13 16:57:00,100652.97,100705.51,100611.47,100655.72,41.95347
2025-11-13 16:58:00,100655.72,100655.72,100567.31,100594.92,29.50256
2025-11-13 16:59:00,100594.93,100645.28,100594.93,100633.13,25.56886
2025-11-13 17:00:00,100633.13,100638.44,100550.0,100554.25,68.52565
2025-11-13 17:01:00,100554.25,100653.2,100531.76,100568.17,47.09128
2025-11-13 17:02:00,100568.16,100652.61,100546.5,100615.51,32.40079
2025-11-13 17:03:00,100615.51,100683.88,100575.31,100674.37,73.12753
2025-11-13 17:04:00,100673.33,100692.45,100635.95,100661.02,31.04322
2025-11-13 17:05:00,100661.02,100672.85,100500.05,100502.45,58.81248
2025-11-13 17:06:00,100502.44,100788.0,100500.0,100760.7,54.13087
2025-11-13 17:07:00,100760.7,100820.49,100700.12,100732.42,33.75049
2025-11-13 17:08:00,100732.42,100740.47,100605.02,100626.46,26.28116
2025-11-13 17:09:00,100626.46,100634.18,100449.0,100449.01,126.96599
2025-11-13 17:10:00,100449.01,100613.01,100443.24,100515.54,38.51242
2025-11-13 17:11:00,100515.55,100605.23,100485.04,100588.79,43.90282
2025-11-13 17:12:00,100588.79,100645.0,100570.0,100609.18,47.90137
2025-11-13 17:13:00,100609.18,100671.34,100589.03,100651.95,21.27567
2025-11-13 17:14:00,100651.95,100657.59,100519.39,100544.35,19.91688
2025-11-13 17:15:00,100544.34,100775.33,100533.37,100725.29,30.42616
2025-11-13 17:16:00,100725.29,100794.13,100635.04,100700.97,43.28339
2025-11-13 17:17:00,100700.98,100721.13,100635.02,100688.75,30.6325
2025-11-13 17:18:00,100688.74,100693.32,100516.85,100516.85,24.00531
2025-11-13 17:19:00,100516.85,100574.55,100504.48,100525.44,35.6476
2025-11-13 17:20:00,100525.45,100568.39,100492.95,100492.95,27.16058
2025-11-13 17:21:00,100492.95,100507.81,100400.0,100400.01,51.84073
2025-11-13 17:22:00,100400.01,100472.87,100342.54,100386.53,92.85724
2025-11-13 17:23:00,100386.53,100438.97,100319.0,100380.69,44.15131
2025-11-13 17:24:00,100380.68,100489.99,100320.25,100414.35,41.03733
2025-11-13 17:25:00,100414.35,100423.05,100205.11,100315.01,93.05138
2025-11-13 17:26:00,100315.01,100363.6,100208.99,100260.84,45.67086
2025-11-13 17:27:00,100260.84,100348.95,100236.0,100262.88,42.94079
2025-11-13 17:28:00,100262.88,100487.96,100235.96,100476.14,43.06572
2025-11-13 17:29:00,100476.14,100480.75,100314.98,100314.98,25.43695
2025-11-13 17:30:00,100314.97,100348.3,100218.79,100335.78,27.05499
2025-11-13 17:31:00,100335.79,100500.0,100306.22,100500.0,20.09169
2025-11-13 17:32:00,100499.99,100500.0,100409.79,100409.8,32.78059
2025-11-13 17:33:00,100409.8,100478.0,100382.0,100478.0,30.21288
2025-11-13 17:34:00,100478.0,100486.09,100430.0,100449.56,17.08213
2025-11-13 17:35:00,100449.56,100449.56,100214.0,100235.52,30.07757
2025-11-13 17:36:00,100235.53,100249.39,100204.15,100214.16,18.62919
2025-11-13 17:37:00,100214.17,100214.17,100073.31,100082.18,103.02319
2025-11-13 17:38:00,100082.18,100129.69,100065.9,100073.73,42.67407
2025-11-13 17:39:00,100073.74,100213.55,100050.0,100213.54,36.18895
2025-11-13 17:40:00,100213.54,100237.27,100063.09,100063.1,29.36585
2025-11-13 17:41:00,100063.1,100087.0,99840.0,99889.18,283.36697
2025-11-13 17:42:00,99889.18,100078.58,99889.18,99999.99,65.24361
2025-11-13 17:43:00,100000.0,100025.93,99952.04,100010.25,37.6308
2025-11-13 17:44:00,100010.26,100096.0,100004.01,100033.9,21.69496
2025-11-13 17:45:00,100033.89,100100.78,100000.01,100080.01,31.52866
2025-11-13 17:46:00,100080.01,100184.9,99960.0,100164.1,36.69376
2025-11-13 17:47:00,100164.11,100164.11,100000.0,100040.92,27.34834
2025-11-13 17:48:00,100040.92,100136.17,100039.59,100125.0,29.68455
2025-11-13 17:49:00,100125.0,100140.12,100014.14,100015.32,25.11766
2025-11-13 17:50:00,100015.32,100026.01,99880.0,99893.63,28.3394
2025-11-13 17:51:00,99893.62,99918.76,99820.31,99884.15,36.58648
2025-11-13 17:52:00,99884.16,99896.72,99825.06,99844.64,18.05253
2025-11-13 17:53:00,99844.64,99896.0,99832.15,99872.45,28.54547
2025-11-13 17:54:00,99872.44,99987.82,99872.44,99930.0,42.47878
2025-11-13 17:55:00,99930.01,99930.01,99821.46,99860.01,225.53261
2025-11-13 17:56:00,99860.0,99895.85,99802.47,99829.96,159.85698
2025-11-13 17:57:00,99829.96,99829.96,99753.0,99775.07,303.18615
2025-11-13 17:58:00,99775.08,99830.01,99710.42,99747.72,98.88754
2025-11-13 17:59:00,99747.71,99747.72,99608.98,99659.99,86.8244
2025-11-13 18:00:00,99659.99,99774.87,99613.58,99770.84,64.76598
2025-11-13 18:01:00,99770.84,99786.64,99675.6,99730.78,89.70268
2025-11-13 18:02:00,99730.78,99911.07,99730.78,99911.06,105.59736
2025-11-13 18:03:00,99911.06,99922.0,99754.35,99783.97,85.73899
2025-11-13 18:04:00,99783.97,99790.92,99602.93,99618.34,137.29744
2025-11-13 18:05:00,99622.21,99667.64,99525.49,99527.01,78.14276
2025-11-13 18:06:00,99527.01,99687.19,99450.02,99676.99,161.24586
2025-11-13 18:07:00,99676.98,99710.33,99511.81,99628.0,54.98958
2025-11-13 18:08:00,99627.99,99627.99,99474.58,99474.58,25.50362
2025-11-13 18:09:00,99474.58,99487.74,99388.0,99416.42,80.2038
2025-11-13 18:10:00,99415.83,99424.97,99357.21,99364.63,43.57068
2025-11-13 18:11:00,99364.63,99408.72,99226.91,99272.87,148.32996
2025-11-13 18:12:00,99272.87,99380.38,99272.87,99380.37,45.37902
2025-11-13 18:13:00,99380.38,99392.92,99280.04,99290.0,76.48148
2025-11-13 18:14:00,99290.0,99388.73,99289.99,99376.42,25.18215
2025-11-13 18:15:00,99376.43,99381.96,99289.01,99299.03,18.01056
2025-11-13 18:16:00,99299.03,99316.11,99121.01,99176.18,78.40766
2025-11-13 18:17:00,99176.18,99186.31,99005.62,99016.88,150.73681
2025-11-13 18:18:00,99016.88,99578.61,99015.87,99560.98,97.4982
2025-11-13 18:19:00,99560.99,99560.99,99298.03,99309.87,74.46835
2025-11-13 18:20:00,99309.88,99333.36,99077.15,99280.26,48.84473
2025-11-13 18:21:00,99280.26,99281.92,99134.4,99134.41,36.41497
2025-11-13 18:22:00,99134.4,99356.49,99122.87,99344.92,52.37743
2025-11-13 18:23:00,99344.93,99344.93,99157.53,99162.16,30.40058
2025-11-13 18:24:00,99162.16,99199.06,99117.82,99158.01,36.02092
2025-11-13 18:25:00,99158.0,99164.36,98888.88,98896.13,260.7348
2025-11-13 18:26:00,98896.13,99074.88,98888.89,98956.07,79.63604
2025-11-13 18:27:00,98956.07,98980.98,98826.01,98826.02,90.1385
2025-11-13 18:28:00,98826.02,98857.94,98770.0,98803.5,77.01468
2025-11-13 18:29:00,98803.5,99117.29,98750.0,99100.17,107.42229
2025-11-13 18:30:00,99100.17,99126.41,98914.83,99063.82,83.91168
2025-11-13 18:31:00,99063.82,99117.75,98901.5,98903.65,59.43108
2025-11-13 18:32:00,98903.66,99047.31,98871.5,98954.23,42.01266
2025-11-13 18:33:00,98954.23,98973.24,98688.0,98711.44,54.49792
2025-11-13 18:34:00,98713.07,98746.14,98511.0,98600.01,141.95174
2025-11-13 18:35:00,98600.0,98665.27,98412.66,98512.01,179.38002
2025-11-13 18:36:00,98512.01,98512.01,98400.01,98408.71,130.89825
2025-11-13 18:37:00,98408.71,98543.1,98361.93,98394.42,101.74733
2025-11-13 18:38:00,98394.41,98448.21,98250.0,98269.06,109.93403
2025-11-13 18:39:00,98269.05,98540.0,98234.28,98509.75,97.71913
2025-11-13 18:40:00,98509.75,98545.15,98294.5,98453.76,55.58599
2025-11-13 18:41:00,98453.76,98712.0,98320.03,98711.99,84.50483
2025-11-13 18:42:00,98712.0,98754.36,98441.82,98450.04,57.998
2025-11-13 18:43:00,98450.04,98650.82,98450.04,98538.5,30.96729
2025-11-13 18:44:00,98538.51,98671.68,98528.78,98671.68,36.56243
2025-11-13 18:45:00,98671.68,98718.0,98534.0,98545.76,53.60721
2025-11-13 18:46:00,98545.76,98550.12,98409.06,98426.34,45.4931
2025-11-13 18:47:00,98426.35,98590.81,98420.81,98580.91,57.3224
2025-11-13 18:48:00,98580.91,98601.56,98502.59,98512.57,36.19153
2025-11-13 18:49:00,98512.57,98548.55,98406.78,98406.78,76.31646
2025-11-13 18:50:00,98406.78,98406.79,98220.16,98297.0,65.24731
2025-11-13 18:51:00,98297.0,98446.42,98147.4,98344.01,112.34445
2025-11-13 18:52:00,98344.0,98394.0,98218.0,98336.46,44.19706
2025-11-13 18:53:00,98336.46,98420.0,98307.98,98356.4,35.28542
2025-11-13 18:54:00,98356.41,98396.59,98288.9,98311.63,20.9166
2025-11-13 18:55:00,98311.64,98406.0,98288.88,98364.64,27.57207
2025-11-13 18:56:00,98364.64,98486.72,98328.8,98459.66,46.71493
2025-11-13 18:57:00,98459.66,98567.61,98457.2,98518.76,54.38471
2025-11-13 18:58:00,98518.76,98799.17,98518.76,98660.95,95.81793
2025-11-13 18:59:00,98660.95,98767.36,98548.27,98591.78,80.2685
2025-11-13 19:00:00,98591.78,98616.04,98520.61,98523.38,28.05152
2025-11-13 19:01:00,98523.39,98543.83,98481.71,98494.07,18.56327
2025-11-13 19:02:00,98494.06,98494.07,98357.59,98402.57,39.36506
2025-11-13 19:03:00,98402.58,98487.69,98386.52,98469.01,26.30005
2025-11-13 19:04:00,98469.01,98809.25,98463.25,98793.47,53.43767
2025-11-13 19:05:00,98793.47,98899.72,98760.04,98793.27,58.54401
2025-11-13 19:06:00,98793.27,98833.32,98563.86,98570.24,44.81551
2025-11-13 19:07:00,98570.23,98570.23,98453.9,98463.3,21.04451
2025-11-13 19:08:00,98463.3,98463.3,98314.39,98367.71,62.21215
2025-11-13 19:09:00,98367.71,98575.94,98347.87,98537.1,48.1346
2025-11-13 19:10:00,98537.1,98672.68,98506.77,98672.68,36.77479
2025-11-13 19:11:00,98672.67,98768.05,98626.33,98662.09,36.17695
2025-11-13 19:12:00,98662.09,98736.61,98569.7,98595.6,27.50821
2025-11-13 19:13:00,98595.6,98777.73,98595.59,98750.69,53.98197
2025-11-13 19:14:00,98750.69,98798.0,98679.98,98696.08,56.56254
2025-11-13 19:15:00,98696.09,98696.09,98517.24,98543.56,42.20913
2025-11-13 19:16:00,98543.55,98543.55,98400.0,98447.61,36.77574
2025-11-13 19:17:00,98447.61,98547.37,98447.61,98498.97,28.45354
2025-11-13 19:18:00,98498.97,98639.56,98498.97,98589.21,29.48996
2025-11-13 19:19:00,98589.21,98669.77,98520.33,98520.34,16.58362
2025-11-13 19:20:00,98520.33,98560.56,98416.21,98433.3,62.27357
2025-11-13 19:21:00,98433.31,98677.54,98415.21,98663.11,31.84311
2025-11-13 19:22:00,98663.11,98824.0,98628.01,98798.7,38.36316
2025-11-13 19:23:00,98798.69,98858.47,98750.33,98841.6,39.02362
2025-11-13 19:24:00,98841.6,98906.0,98767.5,98891.1,29.17139
2025-11-13 19:25:00,98891.09,99246.78,98873.85,99217.42,147.97124
2025-11-13 19:26:00,99217.43,99237.41,98988.44,98993.0,52.56104
2025-11-13 19:27:00,98993.0,99119.99,98993.0,99054.48,59.05168
2025-11-13 19:28:00,99054.49,99282.0,99054.49,99281.99,49.61068
2025-11-13 19:29:00,99282.0,99295.02,99170.15,99170.77,48.02495
2025-11-13 19:30:00,99170.77,99222.88,99058.45,99059.45,31.71862
2025-11-13 19:31:00,99059.45,99059.45,98902.44,98920.01,68.76893
2025-11-13 19:32:00,98920.01,98933.35,98819.99,98839.16,38.45782
2025-11-13 19:33:00,98839.15,98839.15,98799.0,98811.36,20.9217
2025-11-13 19:34:00,98811.36,98828.13,98738.0,98771.53,24.48833
2025-11-13 19:35:00,98771.53,98812.98,98726.76,98766.59,52.4596
2025-11-13 19:36:00,98766.58,98780.23,98700.0,98714.1,25.06998
2025-11-13 19:37:00,98714.1,98793.78,98681.83,98687.4,32.0587
2025-11-13 19:38:00,98687.4,98687.4,98560.76,98580.72,43.48093
2025-11-13 19:39:00,98580.72,98712.32,98580.71,98702.66,24.88959
2025-11-13 19:40:00,98702.65,98702.65,98618.02,98648.19,23.60322
2025-11-13 19:41:00,98648.18,98667.03,98577.12,98636.28,22.71265
2025-11-13 19:42:00,98636.27,98652.34,98568.45,98652.34,32.90252
2025-11-13 19:43:00,98652.34,98872.4,98652.34,98848.25,46.85471
2025-11-13 19:44:00,98848.25,98930.45,98821.83,98910.95,28.37381
2025-11-13 19:45:00,98910.95,98975.69,98766.81,98817.93,42.90657
2025-11-13 19:46:00,98817.93,98896.64,98765.83,98878.18,30.4728
2025-11-13 19:47:00,98878.18,98940.0,98792.3,98796.84,26.48267
2025-11-13 19:48:00,98796.84,98872.18,98684.48,98684.49,24.43441
2025-11-13 19:49:00,98684.49,98690.63,98638.0,98661.26,20.99271
2025-11-13 19:50:00,98661.26,98839.03,98661.26,98796.51,25.76031
2025-11-13 19:51:00,98796.51,98802.42,98641.99,98712.73,26.12359
2025-11-13 19:52:00,98712.73,98805.54,98709.27,98724.82,21.41668
2025-11-13 19:53:00,98724.82,98806.29,98668.29,98744.01,26.61094
2025-11-13 19:54:00,98744.01,98838.57,98712.72,98712.73,30.87732
2025-11-13 19:55:00,98712.72,98712.72,98360.0,98398.41,83.51603
2025-11-13 19:56:00,98398.42,98747.71,98398.42,98659.4,48.20448
2025-11-13 19:57:00,98659.4,98674.0,98585.41,98624.01,21.30579
2025-11-13 19:58:00,98624.01,98718.2,98590.34,98687.34,22.43756
2025-11-13 19:59:00,98687.34,98711.02,98627.72,98682.14,18.05959
2025-11-13 20:00:00,98682.13,98682.13,98526.32,98554.6,15.10952
2025-11-13 20:01:00,98554.61,98558.32,98484.83,98521.32,31.76619
2025-11-13 20:02:00,98521.31,98530.01,98399.92,98399.93,18.8897
2025-11-13 20:03:00,98399.93,98444.77,98384.63,98397.9,22.3321
2025-11-13 20:04:00,98397.91,98397.91,98254.71,98293.45,48.98043
2025-11-13 20:05:00,98293.45,98344.01,98273.65,98296.77,30.10424
2025-11-13 20:06:00,98296.77,98445.91,98100.8,98383.88,130.16934
2025-11-13 20:07:00,98383.88,98452.96,98322.0,98390.26,39.25012
2025-11-13 20:08:00,98390.26,98606.26,98356.65,98572.47,40.10597
2025-11-13 20:09:00,98572.47,98572.47,98467.82,98509.06,17.84605
2025-11-13 20:10:00,98509.05,98514.15,98300.28,98300.29,34.27312
2025-11-13 20:11:00,98300.28,98514.79,98271.98,98504.0,28.68527
2025-11-13 20:12:00,98504.0,98504.01,98331.99,98338.77,71.07803
2025-11-13 20:13:00,98338.78,98359.02,98184.86,98329.24,46.34193
2025-11-13 20:14:00,98329.24,98337.96,98272.03,98308.6,30.17258
2025-11-13 20:15:00,98308.6,98323.22,98218.0,98321.1,30.67273
2025-11-13 20:16:00,98321.1,98330.0,98218.09,98244.0,33.23019
2025-11-13 20:17:00,98243.99,98266.0,98047.36,98069.06,64.87566
2025-11-13 20:18:00,98069.06,98235.43,98063.28,98168.07,82.1846
2025-11-13 20:19:00,98168.07,98171.49,98075.74,98080.74,37.10552
2025-11-13 20:20:00,98080.75,98180.0,98074.0,98074.5,36.70285
2025-11-13 20:21:00,98074.5,98192.6,98000.4,98192.6,124.37348
2025-11-13 20:22:00,98192.0,98378.9,98192.0,98288.92,54.84812
2025-11-13 20:23:00,98288.92,98288.93,98033.93,98150.86,32.42129
2025-11-13 20:24:00,98150.87,98314.58,98140.05,98284.11,37.179
2025-11-13 20:25:00,98284.11,98312.02,98142.0,98194.81,28.94395
2025-11-13 20:26:00,98194.81,98226.45,98107.18,98112.17,26.60629
2025-11-13 20:27:00,98112.17,98555.55,98088.64,98539.21,75.00909
2025-11-13 20:28:00,98539.21,98667.32,98393.27,98398.9,71.88234
2025-11-13 20:29:00,98398.9,98570.64,98398.9,98530.69,35.89207
2025-11-13 20:30:00,98530.71,98731.25,98521.82,98572.33,41.9064
2025-11-13 20:31:00,98572.34,98593.88,98450.0,98482.4,29.76158
2025-11-13 20:32:00,98482.4,98694.56,98478.23,98478.24,23.4123
2025-11-13 20:33:00,98478.23,98530.18,98384.92,98390.76,32.72163
2025-11-13 20:34:00,98390.76,98472.43,98364.0,98472.43,22.0257
2025-11-13 20:35:00,98472.42,98681.72,98461.84,98671.57,59.757
2025-11-13 20:36:00,98671.57,98818.3,98610.0,98766.37,48.67105
2025-11-13 20:37:00,98766.36,98823.72,98702.72,98725.11,55.10238
2025-11-13 20:38:00,98725.11,98925.97,98722.0,98886.66,46.14823
2025-11-13 20:39:00,98886.66,98960.0,98788.21,98794.32,35.45305
2025-11-13 20:40:00,98794.32,99031.76,98774.0,98953.46,40.72853
2025-11-13 20:41:00,98953.47,98953.47,98744.74,98751.76,39.2519
2025-11-13 20:42:00,98751.76,98826.0,98671.67,98685.09,31.49469
2025-11-13 20:43:00,98685.09,98695.47,98584.74,98588.41,27.71022
2025-11-13 20:44:00,98588.41,98660.77,98555.86,98555.87,15.70578
2025-11-13 20:45:00,98555.86,98579.15,98450.4,98483.83,27.10171
2025-11-13 20:46:00,98483.83,98568.0,98392.0,98476.15,25.97603
2025-11-13 20:47:00,98476.15,98580.38,98476.15,98487.63,20.11872
2025-11-13 20:48:00,98487.62,98487.63,98361.26,98361.27,21.95634
2025-11-13 20:49:00,98361.27,98377.27,98314.75,98314.76,18.96717
2025-11-13 20:50:00,98314.76,98356.88,98240.0,98289.29,38.38813
2025-11-13 20:51:00,98289.29,98359.92,98249.88,98330.38,39.03366
2025-11-13 20:52:00,98330.38,98330.38,98178.77,98228.48,31.12792
2025-11-13 20:53:00,98228.0,98298.14,98216.32,98262.65,33.30647
2025-11-13 20:54:00,98262.66,98304.92,98158.96,98173.69,53.59374
2025-11-13 20:55:00,98173.7,98362.0,98173.7,98291.44,41.69885
2025-11-13 20:56:00,98291.43,98322.71,98190.0,98190.01,41.35798
2025-11-13 20:57:00,98190.01,98234.0,98162.0,98186.88,35.88227
2025-11-13 20:58:00,98187.12,98230.54,98105.24,98138.49,24.71285
2025-11-13 20:59:00,98138.49,98179.28,98100.0,98162.11,44.46813
2025-11-13 21:00:00,98162.11,98223.08,98021.0,98021.0,44.62687
2025-11-13 21:01:00,98021.01,98297.3,98021.01,98249.37,69.30057
2025-11-13 21:02:00,98249.37,98341.39,98188.6,98231.11,56.52369
2025-11-13 21:03:00,98231.11,98383.43,98231.1,98357.92,31.45947
2025-11-13 21:04:00,98357.92,98397.56,98318.0,98325.76,31.46163
2025-11-13 21:05:00,98325.76,98551.28,98325.76,98522.8,37.63523
2025-11-13 21:06:00,98522.8,98535.61,98340.0,98397.87,16.40587
2025-11-13 21:07:00,98397.87,98533.58,98366.1,98481.51,35.76427
2025-11-13 21:08:00,98481.5,98579.22,98462.17,98567.96,14.61079
2025-11-13 21:09:00,98567.96,98712.0,98562.76,98606.62,26.57265
2025-11-13 21:10:00,98606.61,98656.9,98568.01,98580.0,14.91464
2025-11-13 21:11:00,98580.0,98580.0,98509.33,98524.0,9.09971
2025-11-13 21:12:00,98524.0,98541.28,98499.02,98535.1,6.7483
2025-11-13 21:13:00,98535.1,98543.7,98518.89,98543.7,5.5664
2025-11-13 21:14:00,98543.7,98620.0,98543.69,98619.99,9.34104
2025-11-13 21:15:00,98620.0,98620.0,98549.58,98604.91,11.19649
2025-11-13 21:16:00,98604.91,98622.49,98437.79,98437.8,16.56313
2025-11-13 21:17:00,98437.79,98437.79,98351.17,98358.04,14.64987
2025-11-13 21:18:00,98358.05,98500.02,98358.04,98500.01,9.9015
2025-11-13 21:19:00,98500.01,98500.01,98441.66,98441.67,10.04539
2025-11-13 21:20:00,98441.67,98498.47,98441.66,98488.04,14.87217
2025-11-13 21:21:00,98488.04,98500.0,98415.81,98495.08,8.00492
2025-11-13 21:22:00,98495.08,98558.55,98464.51,98480.33,8.84613
2025-11-13 21:23:00,98480.01,98498.28,98457.98,98498.28,9.93671
2025-11-13 21:24:00,98498.28,98508.78,98369.31,98374.61,19.10583
2025-11-13 21:25:00,98374.61,98383.95,98300.0,98352.94,10.15505
2025-11-13 21:26:00,98352.93,98352.94,98211.92,98249.28,11.17021
2025-11-13 21:27:00,98249.28,98426.0,98229.98,98412.16,53.51031
2025-11-13 21:28:00,98412.17,98426.0,98321.99,98384.79,13.85994
2025-11-13 21:29:00,98384.78,98524.02,98384.78,98515.89,16.40648
2025-11-13 21:30:00,98515.9,98651.25,98515.9,98612.22,25.15663
2025-11-13 21:31:00,98612.22,98613.94,98542.14,98613.93,6.02909
2025-11-13 21:32:00,98613.94,98657.86,98547.41,98553.08,12.86077
2025-11-13 21:33:00,98553.08,98614.0,98516.0,98614.0,12.82729
2025-11-13 21:34:00,98614.0,98650.01,98593.94,98619.97,31.60886
2025-11-13 21:35:00,98619.96,98619.96,98504.72,98569.53,12.33292
2025-11-13 21:36:00,98569.53,98601.29,98546.27,98590.19,17.32728
2025-11-13 21:37:00,98590.19,98644.0,98579.76,98619.86,11.23164
2025-11-13 21:38:00,98619.85,98619.85,98551.9,98555.93,9.39328
2025-11-13 21:39:00,98555.93,98586.62,98506.92,98581.37,8.27373
2025-11-13 21:40:00,98581.37,98628.0,98559.51,98628.0,6.55704
2025-11-13 21:41:00,98628.0,98713.72,98617.67,98713.72,13.01448
2025-11-13 21:42:00,98713.71,98807.94,98713.71,98774.88,18.25286
2025-11-13 21:43:00,98774.88,98796.08,98745.32,98760.98,12.65179
2025-11-13 21:44:00,98760.98,98845.65,98760.98,98836.27,12.61178
2025-11-13 21:45:00,98836.27,98841.2,98770.7,98795.17,9.23885
2025-11-13 21:46:00,98795.17,98795.17,98710.89,98710.89,8.97403
2025-11-13 21:47:00,98710.0,98717.34,98685.09,98713.81,8.14832
2025-11-13 21:48:00,98713.81,98767.12,98713.8,98767.11,4.30162
2025-11-13 21:49:00,98767.11,98816.53,98741.26,98816.53,6.38977
2025-11-13 21:50:00,98816.53,98885.74,98792.0,98870.55,28.55354
2025-11-13 21:51:00,98870.54,98870.55,98806.57,98858.34,16.92312
2025-11-13 21:52:00,98858.33,98876.77,98775.96,98775.97,16.40798
2025-11-13 21:53:00,98775.97,98838.0,98775.96,98838.0,10.847
2025-11-13 21:54:00,98838.0,98905.45,98838.0,98900.01,9.48949
2025-11-13 21:55:00,98900.01,98905.16,98884.06,98903.89,9.98345
2025-11-13 21:56:00,98903.88,98905.16,98884.58,98893.61,6.38526
2025-11-13 21:57:00,98893.61,98893.61,98809.03,98809.03,11.26895
2025-11-13 21:58:00,98809.03,98856.37,98794.26,98855.55,11.36358
2025-11-13 21:59:00,98855.56,98856.36,98817.35,98817.36,12.039
2025-11-13 22:00:00,98817.35,98841.77,98786.37,98841.76,9.07655
2025-11-13 22:01:00,98841.77,98869.89,98734.0,98734.01,15.60612
2025-11-13 22:02:00,98734.01,98835.76,98701.88,98835.76,13.22405
2025-11-13 22:03:00,98835.75,98866.14,98829.72,98852.78,9.52617
2025-11-13 22:04:00,98852.77,98900.01,98847.14,98900.01,20.26961
2025-11-13 22:05:00,98900.0,98900.01,98856.04,98868.13,9.00074
2025-11-13 22:06:00,98868.13,98874.81,98853.86,98855.29,4.40324
2025-11-13 22:07:00,98855.28,98969.7,98840.49,98957.18,28.9499
2025-11-13 22:08:00,98957.19,99013.72,98927.78,99013.72,15.70137
2025-11-13 22:09:00,99013.72,99041.76,99013.71,99041.76,19.4802
2025-11-13 22:10:00,99041.76,99094.0,99041.75,99094.0,10.20001
2025-11-13 22:11:00,99094.0,99277.84,99094.0,99252.07,40.89348
2025-11-13 22:12:00,99252.06,99352.0,99233.17,99349.98,29.80977
2025-11-13 22:13:00,99349.99,99349.99,99184.23,99198.97,37.97438
2025-11-13 22:14:00,99198.97,99355.98,99198.96,99301.61,20.47229
2025-11-13 22:15:00,99301.62,99355.98,99209.84,99215.31,41.40165
2025-11-13 22:16:00,99215.31,99215.31,99142.0,99142.01,19.82313
2025-11-13 22:17:00,99142.0,99322.01,99142.0,99294.37,10.81541
2025-11-13 22:18:00,99294.37,99294.37,99224.28,99292.17,9.96675
2025-11-13 22:19:00,99292.17,99308.61,99255.29,99273.75,9.42112
2025-11-13 22:20:00,99273.75,99273.75,99192.95,99199.83,13.6188
2025-11-13 22:21:00,99199.82,99199.82,99132.35,99179.91,17.07838
2025-11-13 22:22:00,99179.91,99222.0,99157.84,99222.0,5.14857
2025-11-13 22:23:00,99222.0,99350.02,99202.3,99350.02,8.16578
2025-11-13 22:24:00,99350.02,99480.01,99312.0,99466.5,64.45972
2025-11-13 22:25:00,99466.49,99510.92,99413.17,99469.52,22.00236
2025-11-13 22:26:00,99469.51,99510.0,99433.48,99490.13,10.27471
2025-11-13 22:27:00,99490.13,99555.55,99489.41,99517.97,15.88561
2025-11-13 22:28:00,99517.97,99518.03,99385.6,99409.24,26.58999
2025-11-13 22:29:00,99409.24,99507.82,99406.82,99507.82,11.73569
2025-11-13 22:30:00,99507.85,99510.0,99448.26,99448.91,9.75777
2025-11-13 22:31:00,99448.91,99480.0,99448.9,99480.0,6.51965
2025-11-13 22:32:00,99480.0,99515.97,99444.55,99444.56,46.27009
2025-11-13 22:33:00,99444.55,99480.93,99406.81,99480.93,57.55617
2025-11-13 22:34:00,99480.93,99557.01,99472.95,99480.0,32.18846
2025-11-13 22:35:00,99480.01,99510.0,99480.0,99490.96,9.17463
2025-11-13 22:36:00,99490.96,99557.01,99490.95,99529.64,77.47775
2025-11-13 22:37:00,99529.64,99608.68,99519.81,99558.0,101.9199
2025-11-13 22:38:00,99557.99,99610.36,99544.07,99610.36,59.69167
2025-11-13 22:39:00,99610.78,99750.0,99610.77,99749.99,32.9456
2025-11-13 22:40:00,99750.0,99807.88,99680.12,99690.31,34.03308
2025-11-13 22:41:00,99690.31,99794.0,99654.8,99788.58,14.26887
2025-11-13 22:42:00,99788.58,99933.0,99782.53,99905.89,32.53131
2025-11-13 22:43:00,99905.89,99937.99,99837.63,99837.63,24.49865
2025-11-13 22:44:00,99837.64,99937.99,99750.59,99776.35,22.10686
2025-11-13 22:45:00,99776.35,99862.2,99776.34,99852.91,13.83816
2025-11-13 22:46:00,99852.9,99887.14,99652.55,99664.0,19.92648
2025-11-13 22:47:00,99664.01,99797.22,99662.0,99662.0,18.67135
2025-11-13 22:48:00,99662.01,99738.24,99647.8,99738.24,10.53809
2025-11-13 22:49:00,99738.24,99770.13,99702.01,99770.13,15.99716
2025-11-13 22:50:00,99770.12,99840.0,99760.65,99840.0,5.6334
2025-11-13 22:51:00,99839.99,99856.0,99795.21,99855.99,9.63353
2025-11-13 22:52:00,99856.0,99861.44,99827.41,99861.43,7.80911
2025-11-13 22:53:00,99861.44,99878.83,99850.85,99854.27,6.41765
2025-11-13 22:54:00,99854.28,99892.44,99854.27,99892.44,4.39981
2025-11-13 22:55:00,99892.44,99895.25,99750.0,99780.99,24.20226
2025-11-13 22:56:00,99780.99,99852.0,99738.0,99738.01,16.27167
2025-11-13 22:57:00,99738.01,99771.36,99695.4,99771.36,6.01923
2025-11-13 22:58:00,99771.35,99818.8,99767.2,99809.28,7.53206
2025-11-13 22:59:00,99809.27,99851.83,99805.81,99851.82,4.47321
2025-11-13 23:00:00,99851.83,99859.99,99727.99,99728.0,12.21465
2025-11-13 23:01:00,99727.99,99752.0,99723.92,99724.22,13.17609
2025-11-13 23:02:00,99724.22,99724.22,99569.99,99632.0,20.20406
2025-11-13 23:03:00,99632.0,99702.08,99596.88,99655.79,9.86975
2025-11-13 23:04:00,99655.78,99714.01,99648.02,99714.01,10.29438
2025-11-13 23:05:00,99714.09,99819.94,99714.09,99814.01,17.54828
2025-11-13 23:06:00,99814.01,99911.0,99793.3,99901.73,13.01445
2025-11-13 23:07:00,99901.72,99914.0,99846.0,99878.57,9.34274
2025-11-13 23:08:00,99878.57,99890.92,99859.58,99870.11,7.89821
2025-11-13 23:09:00,99870.12,99937.98,99870.12,99920.74,21.59502
2025-11-13 23:10:00,99920.75,99944.0,99913.01,99944.0,9.85693
2025-11-13 23:11:00,99944.0,99950.0,99870.0,99909.99,23.66822
2025-11-13 23:12:00,99910.0,99973.7,99893.11,99973.7,28.83325
2025-11-13 23:13:00,99973.7,99983.81,99968.17,99983.81,7.28687
2025-11-13 23:14:00,99983.8,100092.41,99983.8,100092.41,44.62375
2025-11-13 23:15:00,100092.4,100223.93,100062.35,100220.0,43.86997
2025-11-13 23:16:00,100219.99,100320.66,100189.43,100210.11,55.99858
2025-11-13 23:17:00,100210.11,100284.7,100162.0,100279.34,16.23619
2025-11-13 23:18:00,100279.35,100290.65,100222.0,100283.09,11.42169
2025-11-13 23:19:00,100283.09,100372.0,100278.8,100372.0,24.52345
2025-11-13 23:20:00,100372.0,100397.11,100364.99,100373.95,20.78715
2025-11-13 23:21:00,100373.95,100382.43,100265.07,100265.08,15.59305
2025-11-13 23:22:00,100265.08,100284.74,100156.0,100156.63,19.9526
2025-11-13 23:23:00,100156.63,100256.16,100156.62,100236.01,11.36903
2025-11-13 23:24:00,100236.01,100250.01,100150.0,100250.0,18.1736
2025-11-13 23:25:00,100250.01,100298.01,100216.67,100298.01,7.39624
2025-11-13 23:26:00,100298.01,100331.3,100274.51,100316.29,8.27617
2025-11-13 23:27:00,100316.29,100316.3,100277.33,100303.8,3.74868
2025-11-13 23:28:00,100303.81,100303.81,100262.11,100272.56,9.61066
2025-11-13 23:29:00,100272.55,100288.37,100203.8,100231.64,10.35423
2025-11-13 23:30:00,100231.65,100236.98,100203.8,100234.64,9.63714
2025-11-13 23:31:00,100234.65,100357.45,100220.15,100357.45,12.77799
2025-11-13 23:32:00,100357.45,100378.99,100318.9,100319.88,16.62446
2025-11-13 23:33:00,100319.88,100319.88,100229.97,100262.45,10.48963
2025-11-13 23:34:00,100262.45,100312.29,100248.11,100289.61,18.44998
2025-11-13 23:35:00,100289.61,100501.31,100289.6,100473.58,49.39736
2025-11-13 23:36:00,100473.59,100482.58,100420.16,100432.24,12.1825
2025-11-13 23:37:00,100432.24,100487.12,100420.16,100487.11,26.64684
2025-11-13 23:38:00,100487.11,100487.12,100447.53,100447.53,8.94921
2025-11-13 23:39:00,100447.54,100494.6,100447.53,100494.6,19.58067
2025-11-13 23:40:00,100494.6,100494.61,100450.45,100450.46,8.28066
2025-11-13 23:41:00,100450.45,100464.0,100410.03,100433.11,12.40628
2025-11-13 23:42:00,100433.11,100469.52,100373.39,100439.77,59.54127
2025-11-13 23:43:00,100439.77,100464.19,100403.41,100430.35,12.0033
2025-11-13 23:44:00,100430.35,100442.1,100403.41,100420.4,4.4609
2025-11-13 23:45:00,100420.39,100420.4,100278.86,100295.68,11.00585
2025-11-13 23:46:00,100295.68,100358.0,100273.42,100333.61,8.97164
2025-11-13 23:47:00,100333.61,100333.61,100148.64,100203.58,41.93938
2025-11-13 23:48:00,100203.57,100203.58,100107.07,100107.07,19.38515
2025-11-13 23:49:00,100107.08,100127.46,100041.06,100127.46,47.51179
2025-11-13 23:50:00,100127.46,100219.01,100127.45,100190.45,15.52288
2025-11-13 23:51:00,100190.46,100190.46,100018.3,100018.31,18.09071
2025-11-13 23:52:00,100018.3,100018.3,99598.06,99687.65,117.0959
2025-11-13 23:53:00,99687.65,99767.82,99659.07,99765.95,32.00606
2025-11-13 23:54:00,99765.96,99808.0,99741.72,99795.29,13.4343
2025-11-13 23:55:00,99795.29,99845.03,99750.58,99845.02,19.9122
2025-11-13 23:56:00,99845.03,99883.52,99798.0,99883.52,13.26082
2025-11-13 23:57:00,99883.53,99883.53,99750.59,99764.99,18.81349
2025-11-13 23:58:00,99764.99,99791.04,99689.41,99749.87,15.98568
2025-11-13 23:59:00,99749.87,99805.99,99692.02,99692.02,14.40775
2025-11-14 00:00:00,99692.03,99692.03,99346.9,99520.43,74.88811
2025-11-14 00:01:00,99519.48,99609.34,99447.34,99463.11,36.75907
2025-11-14 00:02:00,99462.72,99501.15,99404.0,99437.33,43.90359
2025-11-14 00:03:00,99437.32,99731.0,99437.32,99700.57,28.7519
2025-11-14 00:04:00,99700.57,99700.58,99543.24,99548.24,24.00373
2025-11-14 00:05:00,99548.24,99607.3,99416.81,99425.99,15.14971
2025-11-14 00:06:00,99425.99,99425.99,99275.61,99313.88,36.34594
2025-11-14 00:07:00,99313.88,99404.0,99220.0,99233.83,28.07734
2025-11-14 00:08:00,99233.83,99370.33,99088.17,99097.89,59.30912
2025-11-14 00:09:00,99097.89,99242.0,99097.89,99220.0,41.86457
2025-11-14 00:10:00,99220.01,99269.92,99170.0,99251.11,19.7776
2025-11-14 00:11:00,99251.1,99426.0,99236.24,99425.99,23.1358
2025-11-14 00:12:00,99425.99,99441.56,99296.45,99325.38,19.23712
2025-11-14 00:13:00,99325.39,99343.63,99266.01,99309.2,21.39612
2025-11-14 00:14:00,99309.21,99344.82,99286.0,99329.41,15.55171
2025-11-14 00:15:00,99329.41,99329.41,98933.33,98933.33,104.56632
2025-11-14 00:16:00,98933.33,98933.34,98808.0,98847.66,65.53406
2025-11-14 00:17:00,98847.66,99063.4,98824.84,99061.99,35.66862
2025-11-14 00:18:00,99062.0,99271.72,98978.0,99271.72,38.18618
2025-11-14 00:19:00,99271.72,99276.66,99180.23,99204.63,12.89404
2025-11-14 00:20:00,99204.63,99280.0,99103.17,99103.18,24.98317
2025-11-14 00:21:00,99103.18,99149.5,99064.0,99091.83,22.72887
2025-11-14 00:22:00,99091.84,99279.8,99076.33,99279.8,10.5011
2025-11-14 00:23:00,99279.8,99289.25,99228.73,99239.01,12.25233
2025-11-14 00:24:00,99239.01,99336.62,99239.0,99309.91,13.4103
2025-11-14 00:25:00,99309.91,99510.0,99309.91,99486.85,34.67957
2025-11-14 00:26:00,99486.85,99486.85,99380.12,99458.54,18.43414
2025-11-14 00:27:00,99458.54,99526.92,99447.94,99482.81,9.55963
2025-11-14 00:28:00,99482.8,99564.17,99460.0,99542.52,16.16082
2025-11-14 00:29:00,99542.53,99542.53,99469.08,99469.09,10.05496
2025-11-14 00:30:00,99469.08,99581.16,99464.65,99491.49,45.79367
2025-11-14 00:31:00,99491.49,99534.0,99455.79,99482.51,19.87134
2025-11-14 00:32:00,99482.51,99723.11,99482.51,99717.49,19.84708
2025-11-14 00:33:00,99717.48,99778.0,99578.06,99580.03,42.26126
2025-11-14 00:34:00,99580.03,99733.99,99565.67,99686.77,13.86695
2025-11-14 00:35:00,99686.77,99704.88,99588.03,99588.03,14.34586
2025-11-14 00:36:00,99588.04,99627.39,99521.0,99521.0,8.17361
2025-11-14 00:37:00,99521.0,99562.77,99450.0,99474.67,18.24044
2025-11-14 00:38:00,99474.67,99474.67,99237.83,99247.77,15.2523
2025-11-14 00:39:00,99247.77,99266.91,99106.69,99106.7,36.92518
2025-11-14 00:40:00,99106.7,99216.84,99106.7,99174.01,22.16502
2025-11-14 00:41:00,99174.01,99174.01,99051.5,99051.51,15.01375
2025-11-14 00:42:00,99051.5,99280.0,99035.28,99280.0,17.57027
2025-11-14 00:43:00,99280.0,99285.5,99230.2,99260.53,16.3497
2025-11-14 00:44:00,99260.53,99357.14,99260.53,99357.14,11.09712
2025-11-14 00:45:00,99357.13,99357.14,99301.49,99326.52,21.92158
2025-11-14 00:46:00,99326.53,99356.59,99195.2,99240.68,16.32436
2025-11-14 00:47:00,99240.68,99253.08,99152.64,99152.64,7.99232
2025-11-14 00:48:00,99152.65,99170.41,99056.78,99073.92,13.83761
2025-11-14 00:49:00,99073.92,99073.92,98876.0,98971.96,30.01473
2025-11-14 00:50:00,98971.96,99077.83,98971.96,99077.83,14.9949
2025-11-14 00:51:00,99077.83,99094.08,98865.05,98900.01,38.57825
2025-11-14 00:52:00,98900.0,98900.0,98754.83,98847.98,45.28255
2025-11-14 00:53:00,98847.98,98887.76,98752.17,98783.04,39.97526
2025-11-14 00:54:00,98783.05,98876.2,98726.64,98871.79,35.19477
2025-11-14 00:55:00,98871.79,98902.79,98775.96,98902.79,78.01755
2025-11-14 00:56:00,98902.8,99041.66,98902.8,99016.59,59.02148
2025-11-14 00:57:00,99016.6,99053.92,98947.11,98998.92,50.03861
2025-11-14 00:58:00,98998.92,98998.93,98830.22,98912.58,47.57494
2025-11-14 00:59:00,98912.58,99015.17,98912.58,98973.95,15.4605
2025-11-14 01:00:00,98973.95,98986.23,98700.0,98856.98,68.55411
2025-11-14 01:01:00,98856.99,99146.0,98856.98,99121.37,117.50815
2025-11-14 01:02:00,99121.36,99121.36,98935.18,98965.07,134.34145
2025-11-14 01:03:00,98965.07,99010.0,98864.42,98904.34,81.14726
2025-11-14 01:04:00,98904.35,98976.0,98792.4,98797.49,50.22548
2025-11-14 01:05:00,98797.5,98912.01,98785.09,98879.53,59.85327
2025-11-14 01:06:00,98879.54,98980.0,98842.09,98934.72,54.12524
2025-11-14 01:07:00,98934.72,98974.21,98814.07,98876.67,68.13238
2025-11-14 01:08:00,98876.66,98876.66,98706.27,98784.89,42.80373
2025-11-14 01:09:00,98784.8,98823.42,98736.98,98793.83,35.10451
2025-11-14 01:10:00,98793.83,98883.32,98727.34,98826.87,42.63546
2025-11-14 01:11:00,98826.86,98868.23,98774.52,98853.38,32.62886
2025-11-14 01:12:00,98853.39,98862.0,98772.59,98848.63,28.25978
2025-11-14 01:13:00,98848.64,98980.0,98830.14,98852.47,62.8504
2025-11-14 01:14:00,98852.48,98982.0,98837.9,98941.99,87.26626
2025-11-14 01:15:00,98942.0,98957.11,98842.96,98843.22,30.12517
2025-11-14 01:16:00,98843.22,98908.69,98792.28,98908.68,34.29283
2025-11-14 01:17:00,98908.68,99045.39,98881.54,99045.39,49.5158
2025-11-14 01:18:00,99045.39,99105.2,99019.95,99039.86,113.29325
2025-11-14 01:19:00,99039.86,99142.0,99039.86,99093.16,31.71792
2025-11-14 01:20:00,99093.17,99262.0,99077.22,99262.0,21.31389
2025-11-14 01:21:00,99262.0,99264.74,99154.78,99195.8,22.77434
2025-11-14 01:22:00,99195.8,99224.98,99097.68,99112.24,21.6666
2025-11-14 01:23:00,99113.51,99195.46,99102.15,99195.45,12.11658
2025-11-14 01:24:00,99195.46,99323.31,99195.45,99323.31,8.53185
2025-11-14 01:25:00,99323.31,99410.0,99320.0,99367.06,20.60513
2025-11-14 01:26:00,99367.07,99408.99,99258.23,99280.01,49.06315
2025-11-14 01:27:00,99281.45,99284.33,99088.36,99111.53,40.1805
2025-11-14 01:28:00,99111.53,99149.53,98874.02,98999.99,98.03394
2025-11-14 01:29:00,99000.0,99102.87,98998.73,99102.87,53.02737
2025-11-14 01:30:00,99103.77,99279.99,99103.77,99271.27,22.43622
2025-11-14 01:31:00,99271.27,99314.0,99234.83,99314.0,26.13942
2025-11-14 01:32:00,99313.99,99314.0,99232.38,99263.81,27.67912
2025-11-14 01:33:00,99263.82,99417.62,99263.82,99325.4,49.63055
2025-11-14 01:34:00,99325.41,99410.63,99284.0,99410.62,11.98149
2025-11-14 01:35:00,99410.62,99549.45,99410.62,99496.15,71.08974
2025-11-14 01:36:00,99496.16,99555.33,99445.99,99470.93,35.82581
2025-11-14 01:37:00,99470.93,99470.93,99302.01,99356.8,27.9559
2025-11-14 01:38:00,99356.8,99359.85,99289.36,99316.54,9.69156
2025-11-14 01:39:00,99316.54,99346.27,99258.94,99275.03,7.913
2025-11-14 01:40:00,99275.04,99275.04,99139.8,99176.04,15.80878
2025-11-14 01:41:00,99176.04,99192.0,99046.47,99053.49,54.72028
2025-11-14 01:42:00,99053.5,99094.59,99000.0,99050.01,49.39589
2025-11-14 01:43:00,99050.01,99121.67,99024.45,99113.64,10.05121
2025-11-14 01:44:00,99113.63,99225.55,99093.02,99225.55,14.02258
2025-11-14 01:45:00,99225.55,99322.59,99225.55,99249.49,19.3426
2025-11-14 01:46:00,99249.49,99354.03,99245.94,99245.94,14.39051
2025-11-14 01:47:00,99245.95,99307.68,99219.62,99262.28,13.43133
2025-11-14 01:48:00,99262.27,99365.3,99226.17,99289.36,21.25145
2025-11-14 01:49:00,99289.36,99304.17,99176.97,99304.17,18.0645
2025-11-14 01:50:00,99304.17,99462.0,99304.17,99401.34,29.9737
2025-11-14 01:51:00,99401.34,99456.0,99374.14,99374.15,11.60792
2025-11-14 01:52:00,99374.15,99391.27,99214.47,99304.38,25.40031
2025-11-14 01:53:00,99304.37,99314.73,99246.0,99304.56,19.26097
2025-11-14 01:54:00,99304.56,99304.56,99214.52,99256.38,15.8346
2025-11-14 01:55:00,99256.38,99332.76,99185.87,99320.64,29.59652
2025-11-14 01:56:00,99320.64,99348.0,99294.0,99294.0,17.68883
2025-11-14 01:57:00,99294.0,99299.51,99238.3,99285.42,9.52534
2025-11-14 01:58:00,99285.42,99296.67,99204.69,99245.0,12.37282
2025-11-14 01:59:00,99244.99,99280.21,99225.38,99255.6,28.72522
2025-11-14 02:00:00,99255.6,99359.36,99246.0,99336.61,12.4268
2025-11-14 02:01:00,99336.61,99472.07,99279.4,99380.17,35.34769
2025-11-14 02:02:00,99380.17,99447.56,99362.05,99447.56,17.30218
2025-11-14 02:03:00,99447.56,99500.0,99407.52,99500.0,15.11961
2025-11-14 02:04:00,99499.99,99508.0,99467.29,99486.25,12.15958
2025-11-14 02:05:00,99486.25,99578.94,99474.64,99576.1,18.75556
2025-11-14 02:06:00,99576.11,99576.11,99491.14,99493.82,11.70475
2025-11-14 02:07:00,99493.82,99498.69,99401.43,99401.97,9.85758
2025-11-14 02:08:00,99401.97,99465.05,99400.0,99400.0,14.65245
2025-11-14 02:09:00,99400.01,99480.75,99400.01,99459.05,4.58868
2025-11-14 02:10:00,99459.05,99459.05,99343.5,99397.31,119.00799
2025-11-14 02:11:00,99397.31,99529.57,99376.12,99437.0,65.21183
2025-11-14 02:12:00,99437.01,99578.0,99422.71,99540.96,37.21454
2025-11-14 02:13:00,99540.96,99546.0,99509.32,99525.06,6.04353
2025-11-14 02:14:00,99525.07,99546.52,99488.74,99488.75,13.06789
2025-11-14 02:15:00,99488.75,99583.33,99488.75,99559.21,11.22077
2025-11-14 02:16:00,99559.21,99671.68,99559.21,99643.0,23.72924
2025-11-14 02:17:00,99643.0,99862.96,99643.0,99800.36,87.58552
2025-11-14 02:18:00,99800.36,99829.6,99691.04,99691.04,11.55514
2025-11-14 02:19:00,99691.04,99716.24,99610.13,99610.13,19.83814
2025-11-14 02:20:00,99610.13,99650.02,99594.34,99594.36,15.45886
2025-11-14 02:21:00,99594.36,99636.23,99565.49,99565.49,10.62852
2025-11-14 02:22:00,99565.49,99600.0,99547.68,99600.0,8.72448
2025-11-14 02:23:00,99600.0,99636.24,99584.96,99607.86,7.84917
2025-11-14 02:24:00,99607.87,99619.32,99600.0,99616.64,4.03792
2025-11-14 02:25:00,99616.63,99643.96,99611.28,99627.52,4.65681
2025-11-14 02:26:00,99627.51,99641.57,99600.03,99600.04,10.58078
2025-11-14 02:27:00,99600.03,99706.17,99600.03,99677.74,11.96001
2025-11-14 02:28:00,99677.75,99702.83,99671.66,99671.66,12.772
2025-11-14 02:29:00,99671.67,99683.36,99662.29,99683.35,5.8965
2025-11-14 02:30:00,99683.36,99710.9,99683.35,99708.02,3.73017
2025-11-14 02:31:00,99708.02,99765.71,99690.26,99745.16,13.92047
2025-11-14 02:32:00,99745.16,99765.71,99737.38,99737.38,4.75697
2025-11-14 02:33:00,99737.39,99765.71,99737.38,99765.71,7.37807
2025-11-14 02:34:00,99765.7,99789.37,99628.59,99634.93,21.76778
2025-11-14 02:35:00,99634.92,99676.0,99600.0,99676.0,10.39489
2025-11-14 02:36:00,99676.0,99677.99,99634.59,99664.65,4.30028
2025-11-14 02:37:00,99664.65,99720.79,99634.59,99720.79,7.77555
2025-11-14 02:38:00,99720.79,99817.77,99720.79,99817.77,15.82673
2025-11-14 02:39:00,99817.99,99831.93,99784.29,99795.39,7.38853
2025-11-14 02:40:00,99795.4,99826.13,99765.22,99765.22,9.23131
2025-11-14 02:41:00,99765.23,99864.84,99736.0,99856.07,25.08492
2025-11-14 02:42:00,99856.07,99856.08,99793.06,99803.54,5.63732
2025-11-14 02:43:00,99803.53,99866.02,99803.53,99838.36,16.61148
2025-11-14 02:44:00,99838.36,99838.36,99821.3,99821.44,3.42086
2025-11-14 02:45:00,99821.45,99829.96,99812.09,99812.1,6.03733
2025-11-14 02:46:00,99812.11,99826.79,99720.08,99720.09,7.16325
2025-11-14 02:47:00,99720.08,99728.56,99576.89,99576.9,46.43083
2025-11-14 02:48:00,99576.9,99626.88,99557.71,99582.25,18.41608
2025-11-14 02:49:00,99582.25,99582.25,99460.12,99514.6,21.65576
2025-11-14 02:50:00,99514.6,99624.01,99514.6,99624.01,7.84309
2025-11-14 02:51:00,99624.01,99746.44,99624.0,99710.5,13.39401
2025-11-14 02:52:00,99710.5,99720.47,99684.09,99684.09,6.72005
2025-11-14 02:53:00,99684.1,99684.1,99600.03,99600.03,7.68077
2025-11-14 02:54:00,99600.03,99629.53,99583.01,99629.52,5.66103
2025-11-14 02:55:00,99629.53,99658.0,99613.15,99632.57,7.90476
2025-11-14 02:56:00,99632.57,99670.42,99632.57,99645.45,9.12068
2025-11-14 02:57:00,99645.44,99645.45,99598.47,99611.9,5.34947
2025-11-14 02:58:00,99611.91,99635.0,99611.27,99635.0,4.00007
2025-11-14 02:59:00,99634.99,99653.48,99620.0,99620.0,3.93446
2025-11-14 03:00:00,99620.01,99644.53,99620.01,99644.11,1.88366
2025-11-14 03:01:00,99644.12,99649.87,99530.01,99530.01,9.15513
2025-11-14 03:02:00,99530.0,99530.01,99416.49,99416.51,14.69704
2025-11-14 03:03:00,99416.51,99468.88,99387.98,99450.56,9.05793
2025-11-14 03:04:00,99450.56,99450.57,99410.07,99450.57,11.66823
2025-11-14 03:05:00,99450.56,99450.57,99381.1,99424.19,4.97555
2025-11-14 03:06:00,99424.19,99486.65,99340.01,99340.01,18.75849
2025-11-14 03:07:00,99340.0,99383.03,99305.06,99383.03,10.60035
2025-11-14 03:08:00,99383.03,99431.89,99383.02,99431.11,5.75875
2025-11-14 03:09:00,99431.11,99467.87,99430.47,99467.86,3.52226
2025-11-14 03:10:00,99467.87,99472.99,99310.4,99376.75,66.71917
2025-11-14 03:11:00,99376.74,99412.24,99355.99,99370.49,3.75751
2025-11-14 03:12:00,99370.48,99394.81,99314.13,99338.9,7.31881
2025-11-14 03:13:00,99338.91,99348.58,99329.3,99336.75,4.03054
2025-11-14 03:14:00,99336.74,99350.0,99336.74,99349.21,3.24171
2025-11-14 03:15:00,99349.22,99349.22,99044.58,99128.28,67.87333
2025-11-14 03:16:00,99128.28,99289.27,99128.28,99206.0,23.85421
2025-11-14 03:17:00,99206.01,99274.46,99198.71,99274.46,7.82531
2025-11-14 03:18:00,99274.46,99277.0,99185.83,99223.86,9.1573
2025-11-14 03:19:00,99223.87,99234.39,99166.02,99166.02,6.75187
2025-11-14 03:20:00,99166.02,99222.29,99166.01,99200.64,10.61732
2025-11-14 03:21:00,99200.65,99211.62,99167.05,99174.58,9.63449
2025-11-14 03:22:00,99174.57,99191.71,99144.71,99180.7,7.21506
2025-11-14 03:23:00,99180.71,99214.84,99156.41,99214.84,7.56952
2025-11-14 03:24:00,99214.84,99306.79,99214.84,99306.78,12.76881
2025-11-14 03:25:00,99306.78,99307.69,99216.81,99291.77,16.65883
2025-11-14 03:26:00,99291.77,99369.25,99256.85,99329.67,12.03785
2025-11-14 03:27:00,99329.67,99330.47,99293.25,99293.26,7.36042
2025-11-14 03:28:00,99293.26,99331.62,99293.25,99317.83,4.57586
2025-11-14 03:29:00,99318.15,99329.77,99287.53,99294.8,6.4685
2025-11-14 03:30:00,99294.8,99326.4,99281.01,99300.99,28.87591
2025-11-14 03:31:00,99300.99,99315.47,99286.43,99286.44,4.87584
2025-11-14 03:32:00,99286.43,99286.43,99194.43,99236.65,12.4682
2025-11-14 03:33:00,99236.66,99315.67,99236.65,99303.1,11.63666
2025-11-14 03:34:00,99303.1,99316.0,99278.0,99300.18,5.74378
2025-11-14 03:35:00,99300.18,99300.18,99223.11,99241.25,11.89695
2025-11-14 03:36:00,99241.25,99273.45,99183.28,99192.94,7.86177
2025-11-14 03:37:00,99192.94,99226.0,99172.0,99183.56,15.30159
2025-11-14 03:38:00,99183.57,99187.82,99086.27,99110.08,20.85735
2025-11-14 03:39:00,99110.09,99137.81,99081.33,99125.04,20.43323
2025-11-14 03:40:00,99125.03,99125.03,99051.58,99055.05,20.35948
2025-11-14 03:41:00,99055.05,99071.91,98925.24,98955.98,74.57084
2025-11-14 03:42:00,98955.97,98984.0,98926.93,98926.94,12.90337
2025-11-14 03:43:00,98926.94,98957.99,98926.93,98954.65,6.87144
2025-11-14 03:44:00,98954.65,98954.66,98854.26,98912.23,20.27564
2025-11-14 03:45:00,98912.23,98934.34,98805.23,98859.7,19.58029
2025-11-14 03:46:00,98859.7,98919.7,98821.04,98919.7,15.03907
2025-11-14 03:47:00,98919.71,98985.99,98919.71,98985.99,8.09251
2025-11-14 03:48:00,98986.0,99086.0,98986.0,99019.53,28.53528
2025-11-14 03:49:00,99019.52,99039.79,98915.46,98925.28,21.34179
2025-11-14 03:50:00,98925.28,98974.01,98925.28,98956.21,7.85645
2025-11-14 03:51:00,98956.21,98983.89,98956.2,98983.88,2.34044
2025-11-14 03:52:00,98983.88,99037.13,98983.88,99025.01,7.91578
2025-11-14 03:53:00,99025.0,99086.41,99007.64,99007.65,20.04062
2025-11-14 03:54:00,99007.65,99040.83,98984.77,99000.0,5.71457
2025-11-14 03:55:00,99000.0,99062.16,99000.0,99062.16,6.86143
2025-11-14 03:56:00,99062.16,99129.4,99062.16,99086.0,13.35771
2025-11-14 03:57:00,99085.99,99106.95,99083.92,99106.94,1.58816
2025-11-14 03:58:00,99106.94,99126.4,99090.11,99126.39,9.07313
2025-11-14 03:59:00,99126.4,99139.38,99122.08,99139.38,3.26978
2025-11-14 04:00:00,99139.38,99178.58,99119.57,99119.57,8.85924
2025-11-14 04:01:00,99119.58,99144.76,99119.57,99130.25,3.60833
2025-11-14 04:02:00,99130.26,99141.32,99119.58,99125.27,9.05005
2025-11-14 04:03:00,99125.28,99135.86,99110.55,99120.34,4.73368
2025-11-14 04:04:00,99120.34,99142.42,98985.32,98985.39,9.6577
2025-11-14 04:05:00,98985.38,98985.38,98824.34,98851.39,42.49967
2025-11-14 04:06:00,98851.4,98851.4,98821.73,98826.5,5.60884
2025-11-14 04:07:00,98826.5,98840.63,98788.18,98810.01,22.82261
2025-11-14 04:08:00,98810.01,98838.02,98810.0,98833.88,6.01795
2025-11-14 04:09:00,98833.89,98834.19,98805.07,98820.75,13.82578
2025-11-14 04:10:00,98820.75,98895.14,98820.74,98848.96,15.03142
2025-11-14 04:11:00,98848.97,98930.33,98848.96,98930.33,4.22379
2025-11-14 04:12:00,98930.33,98948.08,98891.09,98948.08,8.56385
2025-11-14 04:13:00,98948.08,98971.38,98918.97,98922.28,12.90671
2025-11-14 04:14:00,98922.28,98937.16,98895.94,98916.48,7.48173
2025-11-14 04:15:00,98916.49,98934.39,98887.78,98889.59,5.66549
2025-11-14 04:16:00,98889.58,98917.14,98867.88,98872.11,11.08965
2025-11-14 04:17:00,98872.11,98943.98,98806.19,98943.98,9.85826
2025-11-14 04:18:00,98943.98,98992.01,98926.03,98947.54,6.92672
2025-11-14 04:19:00,98947.54,99002.2,98947.53,99002.2,8.9569
2025-11-14 04:20:00,99002.2,99007.99,98904.56,98904.57,15.13964
2025-11-14 04:21:00,98904.57,98906.18,98871.0,98901.75,13.8573
2025-11-14 04:22:00,98901.75,98914.55,98880.1,98888.87,9.00779
2025-11-14 04:23:00,98888.88,98926.04,98855.32,98855.33,11.43544
2025-11-14 04:24:00,98855.32,98875.69,98855.32,98855.34,5.56676
2025-11-14 04:25:00,98855.34,98855.34,98819.7,98855.33,8.26481
2025-11-14 04:26:00,98855.32,98921.53,98855.32,98921.52,3.99671
2025-11-14 04:27:00,98921.53,98944.01,98899.98,98905.16,7.32893
2025-11-14 04:28:00,98905.15,98939.42,98900.6,98911.8,9.55092
2025-11-14 04:29:00,98911.8,99033.16,98911.79,98976.63,38.08635
2025-11-14 04:30:00,98976.63,98976.63,98780.49,98782.92,25.48764
2025-11-14 04:31:00,98782.91,98805.8,98618.16,98618.17,32.47113
2025-11-14 04:32:00,98618.16,98618.16,98214.48,98214.49,199.87714
2025-11-14 04:33:00,98214.49,98379.4,98207.67,98224.81,103.37404
2025-11-14 04:34:00,98224.8,98302.66,97705.7,97733.01,418.72001
2025-11-14 04:35:00,97733.01,98184.3,97733.0,98025.75,194.4359
2025-11-14 04:36:00,98025.74,98057.45,97795.3,97858.21,47.60008
2025-11-14 04:37:00,97858.21,97905.92,97744.89,97771.51,137.834
2025-11-14 04:38:00,97771.51,97771.51,96955.52,97344.46,713.13431
2025-11-14 04:39:00,97344.46,97526.47,96712.12,96887.75,307.10649
2025-11-14 04:40:00,96887.75,97434.44,96887.75,97267.32,196.39731
2025-11-14 04:41:00,97267.32,97470.28,96959.19,97076.28,195.38325
2025-11-14 04:42:00,97076.28,97371.2,97042.44,97269.36,68.27651
2025-11-14 04:43:00,97269.37,97720.84,97249.36,97712.1,79.56857
2025-11-14 04:44:00,97712.11,97772.64,97438.42,97579.56,64.52291
2025-11-14 04:45:00,97579.56,97939.45,97579.56,97919.53,61.5382
2025-11-14 04:46:00,97919.53,97978.06,97665.14,97680.62,61.09466
2025-11-14 04:47:00,97680.62,97776.5,97680.0,97707.43,31.52123
2025-11-14 04:48:00,97707.43,97847.19,97589.84,97591.96,63.53137
2025-11-14 04:49:00,97591.96,97608.32,97222.22,97248.78,68.02795
2025-11-14 04:50:00,97248.78,97750.75,97236.14,97622.71,45.05014
2025-11-14 04:51:00,97622.71,97622.71,97458.1,97523.05,40.25332
2025-11-14 04:52:00,97523.05,97685.71,97285.91,97580.07,101.49861
2025-11-14 04:53:00,97580.07,97649.13,97549.13,97643.95,40.8444
2025-11-14 04:54:00,97643.95,97656.64,97566.19,97590.39,44.98136
2025-11-14 04:55:00,97590.4,97900.0,97579.23,97853.08,48.73549
2025-11-14 04:56:00,97853.08,97883.98,97770.02,97850.0,29.7097
2025-11-14 04:57:00,97850.0,97903.34,97766.39,97766.4,26.74223
2025-11-14 04:58:00,97766.4,97839.48,97706.52,97819.38,33.86544
2025-11-14 04:59:00,97819.38,97887.73,97776.3,97823.98,29.64106
2025-11-14 05:00:00,97823.97,97834.97,97682.08,97697.16,39.30473
2025-11-14 05:01:00,97697.16,98000.0,97697.15,97913.77,51.30016
2025-11-14 05:02:00,97913.78,98037.39,97842.05,97843.47,28.62335
2025-11-14 05:03:00,97843.48,97970.01,97836.47,97933.63,20.05369
2025-11-14 05:04:00,97933.64,97988.48,97933.64,97940.0,16.95592
2025-11-14 05:05:00,97940.0,97965.45,97844.15,97849.7,20.59822
2025-11-14 05:06:00,97849.71,97870.04,97728.18,97730.44,16.19832
2025-11-14 05:07:00,97730.45,97858.88,97712.48,97858.88,34.12064
2025-11-14 05:08:00,97858.87,97885.31,97740.25,97740.26,18.79097
2025-11-14 05:09:00,97740.26,97750.06,97584.23,97584.23,16.40822
2025-11-14 05:10:00,97584.23,97688.0,97560.18,97630.71,34.19738
2025-11-14 05:11:00,97630.7,97648.0,97478.75,97553.55,48.8862
2025-11-14 05:12:00,97553.56,97615.61,97513.49,97607.18,48.26977
2025-11-14 05:13:00,97607.18,97620.0,97511.36,97584.99,45.01312
2025-11-14 05:14:00,97585.0,97620.0,97404.75,97464.75,67.11649
2025-11-14 05:15:00,97464.75,97589.76,97437.01,97489.16,28.99515
2025-11-14 05:16:00,97489.17,97529.3,97300.01,97443.37,130.01019
2025-11-14 05:17:00,97443.37,97593.6,97420.0,97527.35,46.06519
2025-11-14 05:18:00,97527.36,97600.0,97492.22,97600.0,34.01827
2025-11-14 05:19:00,97600.0,97859.57,97600.0,97682.78,52.64264
2025-11-14 05:20:00,97682.78,97794.8,97676.0,97791.01,28.9365
2025-11-14 05:21:00,97791.01,97791.01,97618.88,97689.99,22.13198
2025-11-14 05:22:00,97689.99,97810.56,97638.16,97675.0,42.85723
2025-11-14 05:23:00,97675.0,97729.92,97614.38,97643.01,34.23694
2025-11-14 05:24:00,97643.0,97643.01,97505.73,97619.99,37.85966
2025-11-14 05:25:00,97620.0,97660.0,97585.11,97611.42,19.93733
2025-11-14 05:26:00,97611.43,97700.0,97590.78,97616.12,16.6831
2025-11-14 05:27:00,97616.11,97676.0,97419.53,97419.53,57.4881
2025-11-14 05:28:00,97419.54,97540.82,97381.13,97478.32,27.31326
2025-11-14 05:29:00,97478.32,97488.85,97268.0,97268.0,72.42688
2025-11-14 05:30:00,97267.38,97487.89,97260.01,97487.88,31.42925
2025-11-14 05:31:00,97487.89,97500.0,97366.53,97369.36,33.18935
2025-11-14 05:32:00,97369.35,97391.0,97344.07,97380.0,26.75708
2025-11-14 05:33:00,97380.0,97380.01,97237.91,97237.92,34.27
2025-11-14 05:34:00,97237.92,97349.18,97135.14,97142.43,58.67572
2025-11-14 05:35:00,97142.43,97297.3,97142.43,97211.76,54.48099
2025-11-14 05:36:00,97214.12,97341.79,97020.49,97341.79,61.60591
2025-11-14 05:37:00,97341.79,97568.0,97341.79,97508.0,71.06786
2025-11-14 05:38:00,97507.99,97618.0,97329.48,97329.49,43.20531
2025-11-14 05:39:00,97329.49,97352.0,97133.02,97147.5,42.84483
2025-11-14 05:40:00,97147.49,97396.09,97122.0,97389.9,21.37095
2025-11-14 05:41:00,97389.9,97480.0,97381.99,97463.99,26.64134
2025-11-14 05:42:00,97464.0,97464.0,97340.8,97365.45,25.319
2025-11-14 05:43:00,97365.45,97438.0,97351.81,97351.82,14.56386
2025-11-14 05:44:00,97351.82,97367.83,97289.78,97289.78,15.80506
2025-11-14 05:45:00,97289.77,97353.36,97241.64,97286.07,49.34921
2025-11-14 05:46:00,97286.07,97320.0,97202.77,97252.63,38.93743
2025-11-14 05:47:00,97252.63,97271.79,97182.0,97243.04,35.23036
2025-11-14 05:48:00,97243.05,97389.03,97225.33,97389.03,27.53962
2025-11-14 05:49:00,97389.03,97599.47,97389.03,97526.43,22.51844
2025-11-14 05:50:00,97526.44,97666.0,97496.92,97536.77,24.04374
2025-11-14 05:51:00,97536.77,97624.21,97530.26,97558.41,46.63069
2025-11-14 05:52:00,97558.41,97558.41,97468.71,97468.72,16.09641
2025-11-14 05:53:00,97468.72,97506.0,97422.4,97433.04,17.0527
2025-11-14 05:54:00,97433.04,97519.72,97428.03,97519.71,22.20861
2025-11-14 05:55:00,97519.72,97571.02,97460.0,97460.91,20.32234
2025-11-14 05:56:00,97460.91,97462.63,97351.17,97416.04,23.70702
2025-11-14 05:57:00,97416.04,97478.59,97416.03,97458.67,14.34886
2025-11-14 05:58:00,97458.67,97512.0,97455.15,97503.01,13.25889
2025-11-14 05:59:00,97503.02,97540.0,97503.01,97523.98,6.31251
2025-11-14 06:00:00,97523.98,97523.98,97470.0,97470.01,9.99241
2025-11-14 06:01:00,97470.0,97517.07,97450.0,97450.01,17.50851
2025-11-14 06:02:00,97450.01,97472.95,97359.0,97359.01,17.48579
2025-11-14 06:03:00,97359.0,97359.01,97234.0,97291.02,17.6971
2025-11-14 06:04:00,97291.01,97308.0,97208.33,97238.56,28.30114
2025-11-14 06:05:00,97238.57,97356.02,97235.87,97356.01,18.25196
2025-11-14 06:06:00,97356.02,97356.02,97244.0,97298.38,14.91416
2025-11-14 06:07:00,97298.38,97325.23,97298.37,97322.66,9.42329
2025-11-14 06:08:00,97322.66,97322.67,97229.36,97236.56,18.22216
2025-11-14 06:09:00,97236.56,97244.01,97131.0,97168.27,28.06683
2025-11-14 06:10:00,97168.27,97244.01,97152.21,97208.69,23.27894
2025-11-14 06:11:00,97208.69,97269.0,97135.73,97135.74,48.17157
2025-11-14 06:12:00,97135.74,97156.91,97029.51,97068.02,29.61806
2025-11-14 06:13:00,97068.03,97172.2,96976.22,96976.23,56.03362
2025-11-14 06:14:00,96976.23,97261.68,96976.23,97135.39,38.66606
2025-11-14 06:15:00,97135.4,97149.67,97041.54,97070.01,10.90414
2025-11-14 06:16:00,97070.01,97121.62,97020.0,97048.89,34.28149
2025-11-14 06:17:00,97048.89,97095.11,96935.33,96982.06,48.35569
2025-11-14 06:18:00,96982.07,97005.36,96917.5,96952.82,31.643
2025-11-14 06:19:00,96952.81,97060.0,96952.81,97060.0,36.69044
2025-11-14 06:20:00,97060.0,97060.0,96970.64,96983.47,18.84773
2025-11-14 06:21:00,96983.47,97044.0,96957.02,96957.03,20.68148
2025-11-14 06:22:00,96957.03,96979.36,96874.0,96901.65,32.78542
2025-11-14 06:23:00,96901.64,96965.98,96870.0,96921.4,26.56997
2025-11-14 06:24:00,96921.4,96950.0,96896.22,96910.28,14.01512
2025-11-14 06:25:00,96910.28,97000.0,96899.28,96914.66,36.62816
2025-11-14 06:26:00,96914.66,96914.66,96820.19,96835.55,32.39037
2025-11-14 06:27:00,96835.56,96920.0,96824.89,96888.99,22.48037
2025-11-14 06:28:00,96888.99,96904.0,96863.0,96899.99,25.88431
2025-11-14 06:29:00,96900.0,97037.81,96899.99,96989.22,33.93062
2025-11-14 06:30:00,96989.22,97093.34,96965.15,97025.83,24.70931
2025-11-14 06:31:00,97025.83,97055.8,97000.01,97000.01,18.32776
2025-11-14 06:32:00,97000.01,97000.01,96829.45,96864.0,31.34746
2025-11-14 06:33:00,96864.0,96979.77,96825.07,96979.77,26.75435
2025-11-14 06:34:00,96979.77,96979.77,96729.37,96756.43,77.80383
2025-11-14 06:35:00,96756.43,96963.27,96756.42,96835.07,122.01717
2025-11-14 06:36:00,96835.06,96986.34,96753.47,96985.5,48.23804
2025-11-14 06:37:00,96985.51,97000.0,96900.25,96984.75,40.85511
2025-11-14 06:38:00,96984.76,96994.01,96833.68,96909.99,53.16525
2025-11-14 06:39:00,96910.0,96926.04,96729.35,96775.56,44.27226
2025-11-14 06:40:00,96775.56,96932.59,96775.56,96877.14,23.48413
2025-11-14 06:41:00,96877.14,96928.6,96794.0,96841.72,31.06894
2025-11-14 06:42:00,96841.73,96916.98,96822.18,96822.18,32.24879
2025-11-14 06:43:00,96822.19,96822.19,96719.74,96802.8,59.15246
2025-11-14 06:44:00,96802.81,96879.34,96769.2,96769.2,37.71428
2025-11-14 06:45:00,96769.21,96831.13,96763.04,96793.85,34.51041
2025-11-14 06:46:00,96793.85,96793.85,96516.88,96538.36,123.64623
2025-11-14 06:47:00,96538.37,96550.92,96300.0,96323.61,169.09079
2025-11-14 06:48:00,96323.61,96348.07,96115.63,96150.58,168.83257
2025-11-14 06:49:00,96150.59,96631.96,95933.75,96604.24,320.33323
2025-11-14 06:50:00,96590.65,96732.23,96532.59,96594.68,95.47657
2025-11-14 06:51:00,96594.68,96607.24,96398.75,96518.16,31.75738
2025-11-14 06:52:00,96521.02,96530.4,96301.03,96395.55,60.93689
2025-11-14 06:53:00,96395.55,96508.61,96395.55,96483.38,42.75721
2025-11-14 06:54:00,96483.38,96693.52,96434.4,96690.01,42.65574
2025-11-14 06:55:00,96690.01,96914.01,96660.0,96854.61,54.71962
2025-11-14 06:56:00,96854.61,97199.65,96854.6,97176.46,91.09142
2025-11-14 06:57:00,97176.46,97285.43,97084.0,97200.01,55.3064
2025-11-14 06:58:00,97200.01,97450.73,97190.74,97268.32,58.64449
2025-11-14 06:59:00,97268.31,97616.5,97268.31,97569.13,86.398
2025-11-14 07:00:00,97569.13,97596.07,97389.54,97410.2,76.287
2025-11-14 07:01:00,97410.19,97742.85,97374.91,97721.69,101.67486
2025-11-14 08:46:00,97154.59,97169.53,97133.77,97133.77,4.11878
2025-11-14 08:47:00,97105.14,97111.99,96990.0,97003.62,10.27324
2025-11-14 08:48:00,97010.8,97050.59,97009.44,97014.6,4.11257
2025-11-14 08:49:00,97071.94,97100.0,97055.47,97089.92,15.92185
2025-11-14 08:50:00,97080.01,97193.89,97080.0,97171.59,9.35225
2025-11-14 08:51:00,97177.76,97206.0,97158.02,97171.05,9.54584
2025-11-14 08:52:00,97249.84,97273.82,97245.45,97252.97,3.82399
2025-11-14 08:53:00,97231.07,97309.7,97224.24,97304.2,12.50462
2025-11-14 08:54:00,97289.29,97310.3,97289.29,97292.13,0.50534
2025-11-14 08:55:00,97262.11,97346.67,97262.11,97330.35,10.74945
2025-11-14 08:56:00,97344.0,97349.59,97320.0,97320.0,4.9674
2025-11-14 08:57:00,97297.2,97337.63,97280.0,97337.63,8.72746
2025-11-14 08:58:00,97327.72,97443.92,97327.72,97443.92,18.1398
2025-11-14 08:59:00,97374.4,97382.08,97366.55,97382.07,5.16338
2025-11-14 09:02:00,97321.38,97476.6,97321.38,97473.17,23.52133
2025-11-14 09:03:00,97473.17,97541.12,97413.13,97522.36,40.97671
2025-11-14 09:04:00,97500.21,97500.21,97371.38,97450.57,15.40238
2025-11-14 09:05:00,97450.58,97553.7,97450.58,97526.36,8.95728
2025-11-14 09:06:00,97526.36,97526.36,97462.25,97500.0,35.09688
2025-11-14 09:07:00,97500.0,97500.0,97342.74,97342.74,17.91924
2025-11-14 09:08:00,97340.1,97453.73,97282.27,97453.72,7.47514
2025-11-14 09:09:00,97453.72,97478.0,97433.55,97438.1,4.59507
2025-11-14 09:10:00,97438.1,97438.1,97307.15,97337.08,5.48116
2025-11-14 09:11:00,97331.54,97411.96,97328.4,97392.51,19.43706
2025-11-14 09:12:00,97392.52,97490.31,97392.51,97490.3,3.75023
2025-11-14 09:13:00,97490.31,97511.16,97386.25,97386.25,19.33494
2025-11-14 09:14:00,97260.17,97331.8,97212.67,97300.01,6.86649
2025-11-14 09:15:00,97338.73,97338.74,97326.88,97336.87,0.57676
2025-11-14 09:16:00,97296.69,97296.69,97232.13,97281.8,9.14283
2025-11-14 09:20:00,97035.02,97067.26,97014.29,97046.12,5.15597
2025-11-14 09:21:00,97044.5,97106.61,97041.11,97090.4,7.56337
